{
	"credit": "Made with Blockbench",
	"parent": "doors/block",
	"textures": {
		"2": "block/acacia_handle",
		"side": "block/acacia_sides",
		"particle": "block/acacia_trapdoor",
		"main": "block/acacia_trapdoor"
	},
	"elements": [
		{
			"from": [2, 13, 13],
			"to": [14, 16, 16],
			"faces": {
				"north": {"uv": [2, 3, 14, 0], "rotation": 180, "texture": "#main"},
				"south": {"uv": [6, 2, 3, 14], "rotation": 90, "texture": "#side", "cullface": "south"},
				"up": {"uv": [2, 3, 14, 0], "texture": "#main", "cullface": "up"},
				"down": {"uv": [2, 3, 14, 0], "rotation": 180, "texture": "#main"}
			}
		},
		{
			"from": [0, 13, 0],
			"to": [2, 16, 16],
			"faces": {
				"north": {"uv": [15, 0, 12, 2], "rotation": 90, "texture": "#side", "cullface": "north"},
				"east": {"uv": [15, 1, 12, 11], "rotation": 270, "texture": "#side"},
				"south": {"uv": [6, 14, 3, 16], "rotation": 90, "texture": "#side", "cullface": "south"},
				"west": {"uv": [15, 0, 12, 16], "rotation": 270, "texture": "#side", "cullface": "west"},
				"up": {"uv": [0, 16, 2, 0], "texture": "#main", "cullface": "up"},
				"down": {"uv": [14, 16, 16, 0], "rotation": 180, "texture": "#main"}
			}
		},
		{
			"from": [14, 13, 0],
			"to": [16, 16, 16],
			"faces": {
				"north": {"uv": [15, 14, 12, 16], "rotation": 90, "texture": "#side", "cullface": "north"},
				"east": {"uv": [12, 0, 9, 16], "rotation": 270, "texture": "#side", "cullface": "east"},
				"south": {"uv": [6, 0, 3, 2], "rotation": 90, "texture": "#side", "cullface": "south"},
				"west": {"uv": [6, 0, 3, 16], "rotation": 90, "texture": "#side"},
				"up": {"uv": [14, 16, 16, 0], "texture": "#main", "cullface": "up"},
				"down": {"uv": [0, 16, 2, 0], "rotation": 180, "texture": "#main"}
			}
		},
		{
			"from": [2, 13, 0],
			"to": [14, 16, 3],
			"faces": {
				"north": {"uv": [15, 2, 12, 14], "rotation": 90, "texture": "#side", "cullface": "north"},
				"south": {"uv": [2, 3, 14, 0], "rotation": 180, "texture": "#main"},
				"up": {"uv": [2, 16, 14, 13], "texture": "#main", "cullface": "up"},
				"down": {"uv": [2, 16, 14, 13], "rotation": 180, "texture": "#main"}
			}
		},
		{
			"from": [4, 13, 3],
			"to": [7, 16, 13],
			"faces": {
				"east": {"uv": [15, 0, 12, 10], "rotation": 270, "texture": "#side"},
				"west": {"uv": [6, 6, 3, 16], "rotation": 270, "texture": "#side"},
				"up": {"uv": [4, 13, 7, 3], "texture": "#main", "cullface": "up"},
				"down": {"uv": [9, 13, 12, 3], "rotation": 180, "texture": "#main"}
			}
		},
		{
			"from": [9, 13, 3],
			"to": [12, 16, 13],
			"faces": {
				"east": {"uv": [15, 4, 12, 14], "rotation": 270, "texture": "#side"},
				"west": {"uv": [6, 3, 3, 13], "rotation": 270, "texture": "#side"},
				"up": {"uv": [9, 13, 12, 3], "texture": "#main", "cullface": "up"},
				"down": {"uv": [4, 13, 7, 3], "rotation": 180, "texture": "#main"}
			}
		},
		{
			"from": [5, 12.5, 0.1],
			"to": [11, 16.5, 2],
			"rotation": {"angle": 0, "axis": "y", "origin": [8, 6, 8]},
			"faces": {
				"north": {"uv": [0, 5, 6, 4], "rotation": 180, "texture": "#2"},
				"east": {"uv": [7, 4, 6, 6], "rotation": 270, "texture": "#2"},
				"south": {"uv": [0, 5, 6, 4], "rotation": 180, "texture": "#2"},
				"west": {"uv": [7, 4, 6, 6], "rotation": 90, "texture": "#2"},
				"up": {"uv": [12, 4, 6, 2], "texture": "#2", "cullface": "up"},
				"down": {"uv": [6, 4, 12, 2], "rotation": 180, "texture": "#2"}
			}
		}
	]
}
