{
	"credit": "Made with Blockbench",
	"parent": "doors/block",
	"textures": {
		"2": "block/acacia_handle",
		"side": "block/acacia_sides",
		"particle": "block/acacia_trapdoor",
		"main": "block/acacia_trapdoor"
	},
	"elements": [
		{
			"from": [2, 0, 13],
			"to": [14, 3, 16],
			"faces": {
				"north": {"uv": [2, 0, 14, 3], "rotation": 180, "texture": "#main"},
				"south": {"uv": [3, 2, 6, 14], "rotation": 90, "texture": "#side", "cullface": "south"},
				"up": {"uv": [2, 0, 14, 3], "rotation": 180, "texture": "#main"},
				"down": {"uv": [2, 0, 14, 3], "texture": "#main", "cullface": "down"}
			}
		},
		{
			"from": [0, 0, 0],
			"to": [2, 3, 16],
			"faces": {
				"north": {"uv": [12, 0, 15, 2], "rotation": 90, "texture": "#side", "cullface": "north"},
				"east": {"uv": [12, 1, 15, 11], "rotation": 270, "texture": "#side"},
				"south": {"uv": [3, 14, 6, 16], "rotation": 90, "texture": "#side", "cullface": "south"},
				"west": {"uv": [12, 0, 15, 16], "rotation": 270, "texture": "#side", "cullface": "west"},
				"up": {"uv": [14, 0, 16, 16], "rotation": 180, "texture": "#main"},
				"down": {"uv": [0, 0, 2, 16], "texture": "#main", "cullface": "down"}
			}
		},
		{
			"from": [14, 0, 0],
			"to": [16, 3, 16],
			"faces": {
				"north": {"uv": [12, 14, 15, 16], "rotation": 90, "texture": "#side", "cullface": "north"},
				"east": {"uv": [9, 0, 12, 16], "rotation": 270, "texture": "#side", "cullface": "east"},
				"south": {"uv": [3, 0, 6, 2], "rotation": 90, "texture": "#side", "cullface": "south"},
				"west": {"uv": [3, 0, 6, 16], "rotation": 90, "texture": "#side"},
				"up": {"uv": [0, 0, 2, 16], "rotation": 180, "texture": "#main"},
				"down": {"uv": [14, 0, 16, 16], "texture": "#main", "cullface": "down"}
			}
		},
		{
			"from": [2, 0, 0],
			"to": [14, 3, 3],
			"faces": {
				"north": {"uv": [12, 2, 15, 14], "rotation": 90, "texture": "#side", "cullface": "north"},
				"south": {"uv": [2, 0, 14, 3], "rotation": 180, "texture": "#main"},
				"up": {"uv": [2, 13, 14, 16], "rotation": 180, "texture": "#main"},
				"down": {"uv": [2, 13, 14, 16], "texture": "#main", "cullface": "down"}
			}
		},
		{
			"from": [4, 0, 3],
			"to": [7, 3, 13],
			"faces": {
				"east": {"uv": [12, 0, 15, 10], "rotation": 270, "texture": "#side"},
				"west": {"uv": [3, 6, 6, 16], "rotation": 270, "texture": "#side"},
				"up": {"uv": [9, 3, 12, 13], "rotation": 180, "texture": "#main"},
				"down": {"uv": [4, 3, 7, 13], "texture": "#main", "cullface": "down"}
			}
		},
		{
			"from": [9, 0, 3],
			"to": [12, 3, 13],
			"faces": {
				"east": {"uv": [12, 4, 15, 14], "rotation": 270, "texture": "#side"},
				"west": {"uv": [3, 3, 6, 13], "rotation": 270, "texture": "#side"},
				"up": {"uv": [4, 3, 7, 13], "rotation": 180, "texture": "#main"},
				"down": {"uv": [9, 3, 12, 13], "texture": "#main", "cullface": "down"}
			}
		},
		{
			"from": [5, -0.5, 0.1],
			"to": [11, 3.5, 2],
			"rotation": {"angle": 0, "axis": "y", "origin": [8, 10, 8]},
			"faces": {
				"north": {"uv": [0, 4, 6, 5], "rotation": 180, "texture": "#2"},
				"east": {"uv": [6, 4, 7, 6], "rotation": 270, "texture": "#2"},
				"south": {"uv": [0, 4, 6, 5], "rotation": 180, "texture": "#2"},
				"west": {"uv": [6, 4, 7, 6], "rotation": 90, "texture": "#2"},
				"up": {"uv": [6, 2, 12, 4], "rotation": 180, "texture": "#2"},
				"down": {"uv": [12, 2, 6, 4], "texture": "#2", "cullface": "down"}
			}
		}
	],
	"display": {
		"thirdperson_righthand": {
			"rotation": [70, -45, 0],
			"translation": [0, 1.75, 2.25],
			"scale": [0.35, 0.35, 0.35]
		},
		"thirdperson_lefthand": {
			"rotation": [70, -45, 0],
			"translation": [0, 1.75, 2.25],
			"scale": [0.35, 0.35, 0.35]
		},
		"firstperson_righthand": {
			"rotation": [1, 43, 0],
			"translation": [3, 3.5, 0],
			"scale": [0.65, 0.65, 0.65]
		},
		"firstperson_lefthand": {
			"rotation": [1, 43, 0],
			"translation": [3, 3.5, 0],
			"scale": [0.65, 0.65, 0.65]
		},
		"ground": {
			"translation": [0, 3, 0],
			"scale": [0.23, 0.23, 0.23]
		},
		"gui": {
			"rotation": [35, 45, 0],
			"translation": [0, 0.5, 0],
			"scale": [0.65, 0.65, 0.65]
		},
		"head": {
			"translation": [0, 13, 0]
		},
		"fixed": {
			"rotation": [89.5, 0, 0],
			"translation": [0, 0, 5],
			"scale": [0.75, 0.75, 0.75]
		}
	}
}