{
	"credit": "Created by Zetheon",
	"ambientocclusion": false,
	"textures": {
		"1": "block/birch_sides",
		"particle": "block/birch_trapdoor",
		"main": "block/birch_trapdoor"
	},
	"elements": [
		{
			"from": [3, 13, 13],
			"to": [13, 16, 16],
			"faces": {
				"north": {"uv": [3, 0, 13, 3], "texture": "#main"},
				"south": {"uv": [3, 0, 13, 3], "texture": "#main", "cullface": "south"},
				"up": {"uv": [3, 3, 6, 13], "rotation": 270, "texture": "#1", "cullface": "up"},
				"down": {"uv": [3, 2, 13, 3], "rotation": 180, "texture": "#main"}
			}
		},
		{
			"from": [0, 0, 13],
			"to": [3, 16, 16],
			"faces": {
				"north": {"uv": [13, 0, 16, 16], "texture": "#main"},
				"east": {"uv": [13, 0, 14, 16], "rotation": 180, "texture": "#main"},
				"south": {"uv": [0, 0, 3, 16], "texture": "#main", "cullface": "south"},
				"west": {"uv": [9, 0, 12, 16], "rotation": 180, "texture": "#1", "cullface": "west"},
				"up": {"uv": [3, 0, 6, 3], "rotation": 270, "texture": "#1", "cullface": "up"},
				"down": {"uv": [12, 0, 9, 3], "rotation": 270, "texture": "#1", "cullface": "down"}
			}
		},
		{
			"from": [13, 0, 13],
			"to": [16, 16, 16],
			"faces": {
				"north": {"uv": [0, 0, 3, 16], "texture": "#main"},
				"east": {"uv": [3, 0, 6, 16], "rotation": 180, "texture": "#1", "cullface": "east"},
				"south": {"uv": [13, 0, 16, 16], "texture": "#main", "cullface": "south"},
				"west": {"uv": [2, 0, 3, 16], "texture": "#main"},
				"up": {"uv": [3, 13, 6, 16], "rotation": 270, "texture": "#1", "cullface": "up"},
				"down": {"uv": [9, 13, 12, 16], "rotation": 270, "texture": "#1", "cullface": "down"}
			}
		},
		{
			"from": [3, 0, 13],
			"to": [13, 3, 16],
			"faces": {
				"north": {"uv": [3, 13, 13, 16], "texture": "#main"},
				"south": {"uv": [3, 13, 13, 16], "texture": "#main", "cullface": "south"},
				"up": {"uv": [3, 13, 13, 14], "rotation": 180, "texture": "#main"},
				"down": {"uv": [9, 3, 12, 13], "rotation": 270, "texture": "#1", "cullface": "down"}
			}
		},
		{
			"from": [3, 3, 14],
			"to": [13, 13, 15],
			"faces": {
				"north": {"uv": [3, 3, 13, 13], "texture": "#main"},
				"south": {"uv": [3, 3, 13, 13], "texture": "#main", "cullface": "south"}
			}
		},
		{
			"from": [5, 3, 13],
			"to": [11, 4, 16],
			"faces": {
				"north": {"uv": [5, 12, 11, 13], "texture": "#main"},
				"east": {"uv": [5, 12, 6, 13], "rotation": 90, "texture": "#main"},
				"south": {"uv": [5, 12, 11, 13], "texture": "#main", "cullface": "south"},
				"west": {"uv": [10, 12, 11, 13], "rotation": 270, "texture": "#main"},
				"up": {"uv": [5, 12, 11, 13], "rotation": 180, "texture": "#main"}
			}
		},
		{
			"from": [6, 1, 12.4],
			"to": [10, 2, 16.6],
			"rotation": {"angle": 0, "axis": "y", "origin": [8, 7, 9]},
			"faces": {
				"north": {"uv": [6, 14, 10, 15], "texture": "#main"},
				"east": {"uv": [6, 14, 7, 15], "rotation": 270, "texture": "#main"},
				"south": {"uv": [6, 14, 10, 15], "rotation": 180, "texture": "#main", "cullface": "south"},
				"west": {"uv": [9, 14, 10, 15], "rotation": 90, "texture": "#main"},
				"up": {"uv": [6, 14, 10, 15], "rotation": 180, "texture": "#main"},
				"down": {"uv": [6, 14, 10, 15], "texture": "#main"}
			}
		}
	],
	"display": {
		"thirdperson_righthand": {
			"rotation": [75, 45, 0],
			"translation": [0, 2.5, 0],
			"scale": [0.375, 0.375, 0.375]
		},
		"thirdperson_lefthand": {
			"rotation": [75, 255, 0],
			"translation": [0, 2.5, 0],
			"scale": [0.375, 0.375, 0.375]
		},
		"firstperson_righthand": {
			"rotation": [0, 45, 0],
			"translation": [0, 2.5, 0],
			"scale": [0.4, 0.4, 0.4]
		},
		"firstperson_lefthand": {
			"rotation": [0, 225, 0],
			"translation": [0, 2.5, 0],
			"scale": [0.4, 0.4, 0.4]
		},
		"ground": {
			"translation": [0, 3, 0],
			"scale": [0.25, 0.25, 0.25]
		},
		"gui": {
			"rotation": [30, 225, 0],
			"scale": [0.625, 0.625, 0.625]
		},
		"fixed": {
			"scale": [0.5, 0.5, 0.5]
		}
	}
}
