{
	"credit": "Made with Blockbench",
	"ambientocclusion": false,
	"textures": {
		"1": "block/birch_sides",
		"particle": "block/birch_trapdoor",
		"main": "block/birch_trapdoor"
	},
	"elements": [
		{
			"from": [3, 0, 13],
			"to": [13, 3, 16],
			"faces": {
				"north": {"uv": [3, 2, 13, 3], "texture": "#main"},
				"south": {"uv": [3, 3, 6, 13], "rotation": 270, "texture": "#1", "cullface": "south"},
				"up": {"uv": [3, 0, 13, 3], "rotation": 180, "texture": "#main"},
				"down": {"uv": [3, 0, 13, 3], "texture": "#main", "cullface": "down"}
			}
		},
		{
			"from": [0, 0, 0],
			"to": [3, 3, 16],
			"faces": {
				"north": {"uv": [12, 0, 9, 3], "rotation": 90, "texture": "#1", "cullface": "north"},
				"east": {"uv": [13, 0, 14, 16], "rotation": 90, "texture": "#main"},
				"south": {"uv": [3, 0, 6, 3], "rotation": 270, "texture": "#1"},
				"west": {"uv": [9, 0, 12, 16], "rotation": 270, "texture": "#1", "cullface": "west"},
				"up": {"uv": [13, 0, 16, 16], "rotation": 180, "texture": "#main"},
				"down": {"uv": [0, 0, 3, 16], "texture": "#main", "cullface": "down"}
			}
		},
		{
			"from": [13, 0, 0],
			"to": [16, 3, 16],
			"faces": {
				"north": {"uv": [9, 13, 12, 16], "rotation": 90, "texture": "#1"},
				"east": {"uv": [3, 0, 6, 16], "rotation": 90, "texture": "#1", "cullface": "east"},
				"south": {"uv": [3, 13, 6, 16], "rotation": 270, "texture": "#1", "cullface": "south"},
				"west": {"uv": [2, 0, 3, 16], "rotation": 90, "texture": "#main"},
				"up": {"uv": [0, 0, 3, 16], "rotation": 180, "texture": "#main"},
				"down": {"uv": [13, 0, 16, 16], "texture": "#main", "cullface": "down"}
			}
		},
		{
			"from": [3, 0, 0],
			"to": [13, 3, 3],
			"faces": {
				"north": {"uv": [9, 3, 12, 13], "rotation": 90, "texture": "#1", "cullface": "north"},
				"south": {"uv": [3, 13, 13, 14], "rotation": 180, "texture": "#main"},
				"up": {"uv": [3, 13, 13, 16], "rotation": 180, "texture": "#main"},
				"down": {"uv": [3, 13, 13, 16], "texture": "#main", "cullface": "down"}
			}
		},
		{
			"from": [3, 1, 3],
			"to": [13, 2, 13],
			"faces": {
				"up": {"uv": [3, 3, 13, 13], "rotation": 180, "texture": "#main"},
				"down": {"uv": [3, 3, 13, 13], "texture": "#main", "cullface": "down"}
			}
		},
		{
			"from": [5, 0, 3],
			"to": [11, 3, 4],
			"faces": {
				"east": {"uv": [5, 12, 6, 13], "texture": "#main"},
				"south": {"uv": [5, 12, 11, 13], "rotation": 180, "texture": "#main"},
				"west": {"uv": [10, 12, 11, 13], "texture": "#main"},
				"up": {"uv": [5, 12, 11, 13], "rotation": 180, "texture": "#main"},
				"down": {"uv": [5, 12, 11, 13], "texture": "#main", "cullface": "down"}
			}
		},
		{
			"from": [6, -0.6, 1],
			"to": [10, 3.6, 2],
			"rotation": {"angle": 0, "axis": "y", "origin": [8, 7, 7]},
			"faces": {
				"north": {"uv": [6, 14, 10, 15], "rotation": 180, "texture": "#main"},
				"east": {"uv": [6, 14, 7, 15], "rotation": 180, "texture": "#main"},
				"south": {"uv": [6, 14, 10, 15], "rotation": 180, "texture": "#main"},
				"west": {"uv": [9, 14, 10, 15], "rotation": 180, "texture": "#main"},
				"up": {"uv": [6, 14, 10, 15], "rotation": 180, "texture": "#main"},
				"down": {"uv": [6, 14, 10, 15], "rotation": 180, "texture": "#main", "cullface": "down"}
			}
		}
	],
	"display": {
		"thirdperson_righthand": {
			"rotation": [70, -45, 0],
			"translation": [0, 1.75, 2.25],
			"scale": [0.35, 0.35, 0.35]
		},
		"thirdperson_lefthand": {
			"rotation": [70, -45, 0],
			"translation": [0, 1.75, 2.25],
			"scale": [0.35, 0.35, 0.35]
		},
		"firstperson_righthand": {
			"rotation": [1, 43, 0],
			"translation": [3, 3.5, 0],
			"scale": [0.65, 0.65, 0.65]
		},
		"firstperson_lefthand": {
			"rotation": [1, 43, 0],
			"translation": [3, 3.5, 0],
			"scale": [0.65, 0.65, 0.65]
		},
		"ground": {
			"translation": [0, 3, 0],
			"scale": [0.23, 0.23, 0.23]
		},
		"gui": {
			"rotation": [35, 45, 0],
			"translation": [0, 0.5, 0],
			"scale": [0.65, 0.65, 0.65]
		},
		"head": {
			"translation": [0, 13, 0]
		},
		"fixed": {
			"rotation": [89.5, 0, 0],
			"translation": [0, 0, 5],
			"scale": [0.75, 0.75, 0.75]
		}
	}
}