{
	"credit": "Created by Zetheon",
	"ambientocclusion": false,
	"textures": {
		"particle": "block/birch_sides",
		"side": "block/birch_sides",
		"top": "block/birch_door_top"
	},
	"elements": [
		{
			"from": [0, 13, 3],
			"to": [3, 16, 13],
			"faces": {
				"east": {"uv": [13, 0, 3, 3], "texture": "#top"},
				"west": {"uv": [3, 0, 13, 3], "texture": "#top", "cullface": "west"},
				"up": {"uv": [12, 3, 15, 13], "texture": "#side", "cullface": "up"},
				"down": {"uv": [3, 2, 13, 3], "rotation": 90, "texture": "#top"}
			}
		},
		{
			"from": [0, 0, 13],
			"to": [3, 16, 16],
			"faces": {
				"north": {"uv": [13, 0, 14, 16], "texture": "#top"},
				"east": {"uv": [16, 0, 13, 16], "texture": "#top"},
				"south": {"uv": [9, 0, 12, 16], "texture": "#side", "cullface": "south"},
				"west": {"uv": [13, 0, 16, 16], "texture": "#top", "cullface": "west"},
				"up": {"uv": [12, 13, 15, 16], "texture": "#side", "cullface": "up"}
			}
		},
		{
			"from": [0, 0, 0],
			"to": [3, 16, 3],
			"faces": {
				"north": {"uv": [6, 0, 9, 16], "texture": "#side", "cullface": "north"},
				"east": {"uv": [3, 0, 0, 16], "texture": "#top"},
				"south": {"uv": [2, 0, 3, 16], "texture": "#top"},
				"west": {"uv": [0, 0, 3, 16], "texture": "#top", "cullface": "west"},
				"up": {"uv": [12, 0, 15, 3], "texture": "#side", "cullface": "up"}
			}
		},
		{
			"from": [1, 0, 3],
			"to": [2, 13, 13],
			"faces": {
				"east": {"uv": [13, 3, 3, 16], "texture": "#top"},
				"west": {"uv": [3, 3, 13, 16], "texture": "#top"}
			}
		},
		{
			"from": [-0.6, 0, 14],
			"to": [3.6, 2, 15],
			"rotation": {"angle": 0, "axis": "y", "origin": [11, 8, 22]},
			"faces": {
				"north": {"uv": [14, 14, 15, 16], "texture": "#top"},
				"east": {"uv": [14, 14, 15, 16], "texture": "#top"},
				"south": {"uv": [14, 14, 15, 16], "texture": "#top"},
				"west": {"uv": [14, 14, 15, 16], "texture": "#top", "cullface": "west"},
				"up": {"uv": [14, 14, 15, 15], "texture": "#top"},
				"down": {"uv": [14, 15, 15, 16], "texture": "#top"}
			}
		}
	]
}
