{
	"credit": "Made with Blockbench",
	"parent": "doors/generic_trapdoor_open",
	"textures": {
		"side": "block/dark_oak_sides",
		"particle": "block/dark_oak_trapdoor",
		"main": "block/dark_oak_trapdoor"
	},
	"elements": [
		{
			"from": [0, 0, 13],
			"to": [16, 16, 16],
			"rotation": {"angle": 0, "axis": "y", "origin": [8, 8, 21]},
			"faces": {
				"north": {"uv": [0, 0, 16, 16], "texture": "#main"},
				"east": {"uv": [3, 0, 6, 16], "rotation": 180, "texture": "#side", "cullface": "east"},
				"south": {"uv": [16, 0, 0, 16], "texture": "#main", "cullface": "south"},
				"west": {"uv": [9, 0, 12, 16], "texture": "#side", "cullface": "west"},
				"up": {"uv": [12, 0, 15, 16], "rotation": 90, "texture": "#side", "cullface": "up"},
				"down": {"uv": [3, 0, 6, 16], "rotation": 270, "texture": "#side", "cullface": "down"}
			}
		}
	],
	"groups": [
		{
			"name": "generic_trapdoor_open",
			"origin": [8, 8, 8],
			"color": 0,
			"children": [0]
		}
	]
}