{
	"credit": "Made with Blockbench",
	"parent": "doors/thin_block",
	"textures": {
		"0": "block/dark_oak_trapdoor",
		"particle": "block/dark_oak_trapdoor"
	},
	"elements": [
		{
			"from": [0, 13, 0],
			"to": [16, 16, 16],
			"rotation": {"angle": 0, "axis": "y", "origin": [21, 21, -5]},
			"faces": {
				"north": {"uv": [6, 0, 9, 16], "rotation": 270, "texture": "#main", "cullface": "down"},
				"east": {"uv": [6, 0, 9, 16], "rotation": 270, "texture": "#main", "cullface": "down"},
				"south": {"uv": [6, 0, 9, 16], "rotation": 270, "texture": "#main", "cullface": "down"},
				"west": {"uv": [6, 0, 9, 16], "rotation": 270, "texture": "#main", "cullface": "down"},
				"up": {"uv": [0, 0, 16, 16], "rotation": 180, "texture": "#main", "cullface": "down"},
				"down": {"uv": [0, 0, 16, 16], "texture": "#main", "cullface": "down"}
			}
		}
	]
}
