{
	"credit": "Made with Blockbench",
	"parent": "doors/block",
	"textures": {
		"side": "block/iron_sides",
		"particle": "block/iron_trapdoor",
		"main": "block/iron_trapdoor"
	},
	"elements": [
		{
			"from": [3, 13, 13],
			"to": [13, 16, 16],
			"rotation": {"angle": 0, "axis": "y", "origin": [0, 16, 0]},
			"faces": {
				"north": {"uv": [12, 4, 9, 14], "rotation": 90, "texture": "#side"},
				"south": {"uv": [6, 3, 3, 13], "rotation": 90, "texture": "#side", "cullface": "south"},
				"up": {"uv": [3, 3, 13, 0], "texture": "#main", "cullface": "up"},
				"down": {"uv": [3, 3, 13, 0], "rotation": 180, "texture": "#main"}
			}
		},
		{
			"from": [0, 13, 0],
			"to": [3, 16, 16],
			"rotation": {"angle": 0, "axis": "y", "origin": [0, 16, 0]},
			"faces": {
				"north": {"uv": [12, 0, 9, 3], "rotation": 90, "texture": "#side", "cullface": "north"},
				"east": {"uv": [15, 0, 12, 16], "rotation": 270, "texture": "#side"},
				"south": {"uv": [6, 13, 3, 16], "rotation": 90, "texture": "#side", "cullface": "south"},
				"west": {"uv": [6, 0, 3, 16], "rotation": 270, "texture": "#side", "cullface": "west"},
				"up": {"uv": [0, 16, 3, 0], "texture": "#main", "cullface": "up"},
				"down": {"uv": [13, 16, 16, 0], "rotation": 180, "texture": "#main"}
			}
		},
		{
			"from": [13, 13, 0],
			"to": [16, 16, 16],
			"rotation": {"angle": 0, "axis": "y", "origin": [0, 16, 0]},
			"faces": {
				"north": {"uv": [12, 13, 9, 16], "rotation": 90, "texture": "#side", "cullface": "north"},
				"east": {"uv": [12, 0, 9, 16], "rotation": 270, "texture": "#side", "cullface": "east"},
				"south": {"uv": [6, 0, 3, 3], "rotation": 90, "texture": "#side", "cullface": "south"},
				"west": {"uv": [6, 0, 3, 16], "rotation": 90, "texture": "#side"},
				"up": {"uv": [13, 16, 16, 0], "texture": "#main", "cullface": "up"},
				"down": {"uv": [0, 16, 3, 0], "rotation": 180, "texture": "#main"}
			}
		},
		{
			"from": [3, 13, 0],
			"to": [13, 16, 3],
			"rotation": {"angle": 0, "axis": "y", "origin": [0, 16, 0]},
			"faces": {
				"north": {"uv": [12, 3, 9, 13], "rotation": 90, "texture": "#side", "cullface": "north"},
				"south": {"uv": [15, 4, 12, 14], "rotation": 90, "texture": "#side"},
				"up": {"uv": [3, 16, 13, 13], "texture": "#main", "cullface": "up"},
				"down": {"uv": [3, 16, 13, 13], "rotation": 180, "texture": "#main"}
			}
		},
		{
			"from": [5, 13, 3],
			"to": [7, 16, 13],
			"rotation": {"angle": 0, "axis": "y", "origin": [0, 16, 0]},
			"faces": {
				"east": {"uv": [15, 0, 12, 10], "rotation": 270, "texture": "#side"},
				"west": {"uv": [6, 6, 3, 16], "rotation": 270, "texture": "#side"},
				"up": {"uv": [5, 13, 7, 3], "texture": "#main", "cullface": "up"},
				"down": {"uv": [9, 13, 11, 3], "rotation": 180, "texture": "#main"}
			}
		},
		{
			"from": [3, 13, 7],
			"to": [13, 16, 9],
			"rotation": {"angle": 0, "axis": "y", "origin": [0, 16, 0]},
			"faces": {
				"north": {"uv": [6, 4, 3, 14], "rotation": 90, "texture": "#side"},
				"south": {"uv": [15, 3, 12, 13], "rotation": 90, "texture": "#side"},
				"up": {"uv": [3, 9, 13, 7], "texture": "#main", "cullface": "up"},
				"down": {"uv": [3, 9, 13, 7], "rotation": 180, "texture": "#main"}
			}
		},
		{
			"from": [9, 13, 3],
			"to": [11, 16, 13],
			"rotation": {"angle": 0, "axis": "y", "origin": [0, 16, 0]},
			"faces": {
				"east": {"uv": [15, 4, 12, 14], "rotation": 270, "texture": "#side"},
				"west": {"uv": [6, 2, 3, 12], "rotation": 270, "texture": "#side"},
				"up": {"uv": [9, 13, 11, 3], "texture": "#main", "cullface": "up"},
				"down": {"uv": [5, 13, 7, 3], "rotation": 180, "texture": "#main"}
			}
		}
	]
}
