{
	"credit": "Made with Blockbench",
	"ambientocclusion": false,
	"textures": {
		"1": "block/iron_sides",
		"particle": "block/iron_sides",
		"bottom": "block/iron_door_bottom"
	},
	"elements": [
		{
			"from": [0, 0, 0],
			"to": [3, 3, 16],
			"rotation": {"angle": 0, "axis": "y", "origin": [8, -4, 16]},
			"faces": {
				"north": {"uv": [0, 13, 3, 16], "texture": "#1", "cullface": "north"},
				"east": {"uv": [16, 13, 0, 16], "texture": "#bottom"},
				"south": {"uv": [3, 13, 6, 16], "texture": "#1"},
				"west": {"uv": [0, 13, 16, 16], "texture": "#bottom", "cullface": "west"},
				"up": {"uv": [12, 0, 15, 16], "texture": "#1"},
				"down": {"uv": [6, 16, 3, 0], "texture": "#1", "cullface": "down"}
			}
		},
		{
			"from": [0, 3, 13],
			"to": [3, 16, 16],
			"rotation": {"angle": 0, "axis": "y", "origin": [8, 12, 21]},
			"faces": {
				"north": {"uv": [12, 1, 15, 14], "texture": "#1"},
				"east": {"uv": [16, 0, 13, 13], "texture": "#bottom"},
				"south": {"uv": [3, 0, 6, 13], "texture": "#1"},
				"west": {"uv": [13, 0, 16, 13], "texture": "#bottom", "cullface": "west"}
			}
		},
		{
			"from": [0, 3, 0],
			"to": [3, 16, 3],
			"rotation": {"angle": 0, "axis": "y", "origin": [8, 12, 8]},
			"faces": {
				"north": {"uv": [0, 0, 3, 13], "texture": "#1", "cullface": "north"},
				"east": {"uv": [3, 0, 0, 13], "texture": "#bottom"},
				"south": {"uv": [3, 0, 6, 13], "texture": "#1"},
				"west": {"uv": [0, 0, 3, 13], "texture": "#bottom", "cullface": "west"}
			}
		},
		{
			"from": [0, 3, 9],
			"to": [3, 16, 11],
			"rotation": {"angle": 0, "axis": "y", "origin": [8, 11, 17]},
			"faces": {
				"north": {"uv": [6, 2, 9, 15], "texture": "#1"},
				"east": {"uv": [11, 0, 9, 13], "texture": "#bottom"},
				"south": {"uv": [3, 3, 6, 16], "texture": "#1"},
				"west": {"uv": [9, 0, 11, 13], "texture": "#bottom", "cullface": "west"}
			}
		},
		{
			"from": [0, 3, 5],
			"to": [3, 16, 7],
			"rotation": {"angle": 0, "axis": "y", "origin": [8, 11, 13]},
			"faces": {
				"north": {"uv": [0, 3, 3, 16], "texture": "#1"},
				"east": {"uv": [7, 0, 5, 13], "texture": "#bottom"},
				"south": {"uv": [9, 1, 12, 14], "texture": "#1"},
				"west": {"uv": [5, 0, 7, 13], "texture": "#bottom", "cullface": "west"}
			}
		},
		{
			"from": [0, 12, 3],
			"to": [3, 14, 13],
			"rotation": {"angle": 0, "axis": "y", "origin": [9, 22, 11]},
			"faces": {
				"east": {"uv": [13, 2, 3, 4], "texture": "#bottom"},
				"west": {"uv": [3, 2, 13, 4], "texture": "#bottom", "cullface": "west"},
				"up": {"uv": [15, 15, 12, 5], "texture": "#1"},
				"down": {"uv": [12, 13, 9, 3], "rotation": 180, "texture": "#1"}
			}
		},
		{
			"from": [0, 7, 3],
			"to": [3, 9, 13],
			"rotation": {"angle": 0, "axis": "y", "origin": [9, 12, 17]},
			"faces": {
				"east": {"uv": [13, 7, 3, 9], "texture": "#bottom"},
				"west": {"uv": [3, 7, 13, 9], "texture": "#bottom", "cullface": "west"},
				"up": {"uv": [0, 14, 3, 4], "texture": "#1"},
				"down": {"uv": [3, 13, 6, 3], "texture": "#1"}
			}
		}
	]
}
