{
	"credit": "Made with Blockbench",
	"textures": {
		"side": "block/jungle_sides",
		"particle": "block/jungle_trapdoor",
		"main": "block/jungle_trapdoor"
	},
	"elements": [
		{
			"from": [3, 0, 13],
			"to": [13, 3, 16],
			"faces": {
				"north": {"uv": [12, 2, 15, 12], "rotation": 90, "texture": "#side"},
				"south": {"uv": [9, 12, 12, 3], "rotation": 90, "texture": "#side", "cullface": "south"},
				"up": {"uv": [3, 0, 13, 3], "rotation": 180, "texture": "#main"},
				"down": {"uv": [3, 0, 13, 3], "texture": "#main", "cullface": "down"}
			}
		},
		{
			"from": [0, 0, 0],
			"to": [3, 3, 16],
			"faces": {
				"north": {"uv": [3, 16, 6, 13], "rotation": 90, "texture": "#side", "cullface": "north"},
				"east": {"uv": [6, 0, 9, 16], "rotation": 90, "texture": "#side"},
				"south": {"uv": [9, 3, 12, 0], "rotation": 90, "texture": "#side", "cullface": "south"},
				"west": {"uv": [3, 0, 6, 16], "rotation": 90, "texture": "#side", "cullface": "west"},
				"up": {"uv": [13, 0, 16, 16], "rotation": 180, "texture": "#main"},
				"down": {"uv": [0, 0, 3, 16], "texture": "#main", "cullface": "down"}
			}
		},
		{
			"from": [13, 0, 0],
			"to": [16, 3, 16],
			"faces": {
				"north": {"uv": [3, 3, 6, 0], "rotation": 90, "texture": "#side", "cullface": "north"},
				"east": {"uv": [3, 0, 6, 16], "rotation": 90, "texture": "#side", "cullface": "east"},
				"south": {"uv": [9, 16, 12, 13], "rotation": 90, "texture": "#side", "cullface": "south"},
				"west": {"uv": [0, 0, 3, 16], "rotation": 90, "texture": "#side"},
				"up": {"uv": [0, 0, 3, 16], "rotation": 180, "texture": "#main"},
				"down": {"uv": [13, 0, 16, 16], "texture": "#main", "cullface": "down"}
			}
		},
		{
			"from": [3, 0, 0],
			"to": [13, 3, 4],
			"faces": {
				"north": {"uv": [3, 13, 6, 3], "rotation": 90, "texture": "#side", "cullface": "north"},
				"south": {"uv": [0, 1, 3, 11], "rotation": 90, "texture": "#side"},
				"up": {"uv": [3, 12, 13, 16], "rotation": 180, "texture": "#main"},
				"down": {"uv": [3, 12, 13, 16], "texture": "#main", "cullface": "down"}
			}
		},
		{
			"from": [3, 0, 7],
			"to": [13, 3, 9],
			"faces": {
				"north": {"uv": [6, 5, 9, 15], "rotation": 90, "texture": "#side"},
				"south": {"uv": [4, 0, 14, 3], "texture": "#main"},
				"up": {"uv": [3, 7, 13, 9], "texture": "#main"},
				"down": {"uv": [3, 7, 13, 9], "texture": "#main", "cullface": "down"}
			}
		},
		{
			"from": [6, 0, 9],
			"to": [7, 3, 13],
			"faces": {
				"east": {"uv": [2, 11, 5, 15], "rotation": 90, "texture": "#main"},
				"west": {"uv": [1, 8, 4, 12], "rotation": 90, "texture": "#main"},
				"up": {"uv": [9, 3, 10, 7], "rotation": 180, "texture": "#main"},
				"down": {"uv": [6, 3, 7, 7], "texture": "#main", "cullface": "down"}
			}
		},
		{
			"from": [9, 0, 9],
			"to": [10, 3, 13],
			"faces": {
				"east": {"uv": [1, 8, 4, 15], "rotation": 90, "texture": "#main"},
				"west": {"uv": [1, 8, 4, 12], "rotation": 90, "texture": "#main"},
				"up": {"uv": [6, 3, 7, 7], "rotation": 180, "texture": "#main"},
				"down": {"uv": [9, 3, 10, 7], "texture": "#main", "cullface": "down"}
			}
		},
		{
			"from": [6, 0, 4],
			"to": [7, 3, 7],
			"rotation": {"angle": 0, "axis": "y", "origin": [8, 8, 3]},
			"faces": {
				"east": {"uv": [1, 8, 4, 11], "rotation": 90, "texture": "#main"},
				"west": {"uv": [1, 8, 4, 11], "rotation": 90, "texture": "#main"},
				"up": {"uv": [9, 9, 10, 12], "rotation": 180, "texture": "#main"},
				"down": {"uv": [6, 9, 7, 12], "texture": "#main", "cullface": "down"}
			}
		},
		{
			"from": [9, 0, 4],
			"to": [10, 3, 7],
			"rotation": {"angle": 0, "axis": "y", "origin": [8, 8, 3]},
			"faces": {
				"east": {"uv": [1, 8, 4, 11], "rotation": 90, "texture": "#main"},
				"west": {"uv": [1, 8, 4, 11], "rotation": 90, "texture": "#main"},
				"up": {"uv": [6, 9, 7, 12], "rotation": 180, "texture": "#main"},
				"down": {"uv": [9, 9, 10, 12], "texture": "#main", "cullface": "down"}
			}
		},
		{
			"from": [3, 0, 12],
			"to": [5, 3, 13],
			"faces": {
				"north": {"uv": [14, 2, 15, 5], "texture": "#main"},
				"east": {"uv": [14, 2, 15, 5], "texture": "#main"},
				"up": {"uv": [11, 3, 13, 4], "rotation": 180, "texture": "#main"},
				"down": {"uv": [3, 3, 5, 4], "texture": "#main", "cullface": "down"}
			}
		},
		{
			"from": [3, 0, 11],
			"to": [4, 3, 12],
			"faces": {
				"north": {"uv": [14, 2, 15, 5], "texture": "#main"},
				"east": {"uv": [14, 2, 15, 5], "texture": "#main"},
				"up": {"uv": [12, 4, 13, 5], "rotation": 180, "texture": "#main"},
				"down": {"uv": [3, 4, 4, 5], "texture": "#main", "cullface": "down"}
			}
		},
		{
			"from": [11, 0, 12],
			"to": [13, 3, 13],
			"faces": {
				"north": {"uv": [14, 2, 15, 5], "texture": "#main"},
				"west": {"uv": [14, 3, 15, 6], "texture": "#main"},
				"up": {"uv": [3, 3, 5, 4], "rotation": 180, "texture": "#main"},
				"down": {"uv": [11, 3, 13, 4], "texture": "#main", "cullface": "down"}
			}
		},
		{
			"from": [12, 0, 11],
			"to": [13, 3, 12],
			"faces": {
				"north": {"uv": [14, 2, 15, 5], "texture": "#main"},
				"west": {"uv": [14, 3, 15, 6], "texture": "#main"},
				"up": {"uv": [3, 4, 4, 5], "rotation": 180, "texture": "#main"},
				"down": {"uv": [12, 4, 13, 5], "texture": "#main", "cullface": "down"}
			}
		},
		{
			"from": [3, 0, 4],
			"to": [4, 3, 7],
			"faces": {
				"east": {"uv": [12, 1, 15, 4], "texture": "#main"},
				"south": {"uv": [3, 13, 4, 16], "texture": "#main"},
				"up": {"uv": [12, 9, 13, 12], "rotation": 180, "texture": "#main"},
				"down": {"uv": [3, 9, 4, 12], "texture": "#main", "cullface": "down"}
			}
		},
		{
			"from": [4, 0, 4],
			"to": [5, 3, 5],
			"faces": {
				"east": {"uv": [14, 8, 15, 11], "texture": "#main"},
				"south": {"uv": [1, 9, 2, 12], "texture": "#main"},
				"up": {"uv": [11, 11, 12, 12], "rotation": 180, "texture": "#main"},
				"down": {"uv": [4, 11, 5, 12], "texture": "#main", "cullface": "down"}
			}
		},
		{
			"from": [12, 0, 4],
			"to": [13, 3, 7],
			"faces": {
				"south": {"uv": [1, 7, 4, 8], "rotation": 90, "texture": "#main"},
				"west": {"uv": [1, 8, 4, 13], "texture": "#main"},
				"up": {"uv": [3, 9, 4, 12], "rotation": 180, "texture": "#main"},
				"down": {"uv": [12, 9, 13, 12], "texture": "#main", "cullface": "down"}
			}
		},
		{
			"from": [11, 0, 4],
			"to": [12, 3, 5],
			"faces": {
				"south": {"uv": [14, 8, 15, 11], "texture": "#main"},
				"west": {"uv": [14, 2, 15, 5], "texture": "#main"},
				"up": {"uv": [4, 11, 5, 12], "rotation": 180, "texture": "#main"},
				"down": {"uv": [11, 11, 12, 12], "texture": "#main", "cullface": "down"}
			}
		},
		{
			"from": [5, -0.6, 1],
			"to": [11, 3.6, 2],
			"rotation": {"angle": 0, "axis": "y", "origin": [13, 7, 9]},
			"faces": {
				"north": {"uv": [5, 14, 11, 15], "texture": "#main"},
				"east": {"uv": [5, 14, 6, 15], "rotation": 180, "texture": "#main"},
				"south": {"uv": [5, 14, 11, 15], "rotation": 180, "texture": "#main"},
				"west": {"uv": [5, 14, 6, 15], "rotation": 180, "texture": "#main"},
				"up": {"uv": [5, 14, 11, 15], "rotation": 180, "texture": "#main"},
				"down": {"uv": [5, 14, 11, 15], "rotation": 180, "texture": "#main", "cullface": "down"}
			}
		}
	],
	"display": {
		"thirdperson_righthand": {
			"rotation": [70, -45, 0],
			"translation": [0, 1.75, 2.25],
			"scale": [0.35, 0.35, 0.35]
		},
		"thirdperson_lefthand": {
			"rotation": [70, -45, 0],
			"translation": [0, 1.75, 2.25],
			"scale": [0.35, 0.35, 0.35]
		},
		"firstperson_righthand": {
			"rotation": [1, 43, 0],
			"translation": [3, 3.5, 0],
			"scale": [0.65, 0.65, 0.65]
		},
		"firstperson_lefthand": {
			"rotation": [1, 43, 0],
			"translation": [3, 3.5, 0],
			"scale": [0.65, 0.65, 0.65]
		},
		"ground": {
			"translation": [0, 3, 0],
			"scale": [0.23, 0.23, 0.23]
		},
		"gui": {
			"rotation": [35, 45, 0],
			"translation": [0, 0.5, 0],
			"scale": [0.65, 0.65, 0.65]
		},
		"head": {
			"translation": [0, 13, 0]
		},
		"fixed": {
			"rotation": [89.5, 0, 0],
			"translation": [0, 0, 5],
			"scale": [0.75, 0.75, 0.75]
		}
	}
}