{
	"credit": "Created by Zetheon",
	"ambientocclusion": false,
	"textures": {
		"particle": "#top",
		"top": "block/jungle_door_top",
		"side": "block/jungle_sides"
	},
	"elements": [
		{
			"from": [0, 13, 4],
			"to": [3, 16, 12],
			"rotation": {"angle": 0, "axis": "y", "origin": [-5, 8, 8]},
			"faces": {
				"east": {"uv": [4, 0, 12, 3], "texture": "#top"},
				"west": {"uv": [12, 0, 4, 3], "texture": "#top", "cullface": "west"},
				"up": {"uv": [12, 3, 15, 11], "rotation": 180, "texture": "#side", "cullface": "up"},
				"down": {"uv": [3, 7, 6, 15], "rotation": 180, "texture": "#side"}
			}
		},
		{
			"from": [0, 0, 0],
			"to": [3, 16, 4],
			"rotation": {"angle": 0, "axis": "y", "origin": [-5, 8, 8]},
			"faces": {
				"north": {"uv": [12, 0, 9, 16], "texture": "#side", "cullface": "north"},
				"east": {"uv": [12, 0, 16, 16], "texture": "#top"},
				"south": {"uv": [9, 0, 12, 16], "texture": "#side"},
				"west": {"uv": [16, 0, 12, 16], "texture": "#top", "cullface": "west"},
				"up": {"uv": [12, 12, 15, 16], "rotation": 180, "texture": "#side", "cullface": "up"}
			}
		},
		{
			"from": [0, 0, 12],
			"to": [3, 16, 16],
			"rotation": {"angle": 0, "axis": "y", "origin": [-5, 8, 8]},
			"faces": {
				"north": {"uv": [9, 0, 12, 16], "texture": "#side"},
				"east": {"uv": [0, 0, 4, 16], "texture": "#top"},
				"south": {"uv": [9, 0, 6, 16], "texture": "#side", "cullface": "south"},
				"west": {"uv": [4, 0, 0, 16], "texture": "#top", "cullface": "west"},
				"up": {"uv": [12, 0, 15, 4], "rotation": 180, "texture": "#side", "cullface": "up"}
			}
		},
		{
			"from": [0, 0, 4],
			"to": [3, 4, 12],
			"rotation": {"angle": 0, "axis": "y", "origin": [-5, 8, 8]},
			"faces": {
				"east": {"uv": [4, 12, 12, 16], "texture": "#top"},
				"west": {"uv": [12, 12, 4, 16], "texture": "#top", "cullface": "west"},
				"up": {"uv": [12, 3, 15, 11], "rotation": 180, "texture": "#side"}
			}
		},
		{
			"from": [0, 4, 4],
			"to": [3, 8, 6],
			"rotation": {"angle": 0, "axis": "y", "origin": [-5, 8, 8]},
			"faces": {
				"east": {"uv": [10, 8, 12, 12], "texture": "#top"},
				"south": {"uv": [10, 8, 11, 12], "texture": "#top"},
				"west": {"uv": [4, 8, 6, 12], "texture": "#top", "cullface": "west"},
				"up": {"uv": [0, 12, 3, 14], "rotation": 180, "texture": "#side"}
			}
		},
		{
			"from": [0, 4, 10],
			"to": [3, 8, 12],
			"rotation": {"angle": 0, "axis": "y", "origin": [-5, 8, 8]},
			"faces": {
				"north": {"uv": [5, 8, 6, 12], "texture": "#top"},
				"east": {"uv": [4, 8, 6, 12], "texture": "#top"},
				"west": {"uv": [10, 8, 12, 12], "texture": "#top", "cullface": "west"},
				"up": {"uv": [6, 8, 9, 10], "rotation": 180, "texture": "#side"}
			}
		},
		{
			"from": [0, 6, 6],
			"to": [3, 8, 10],
			"rotation": {"angle": 0, "axis": "y", "origin": [-5, 8, 8]},
			"faces": {
				"east": {"uv": [6, 8, 10, 10], "texture": "#top"},
				"west": {"uv": [6, 8, 10, 10], "texture": "#top", "cullface": "west"},
				"up": {"uv": [0, 4, 3, 8], "rotation": 180, "texture": "#side"},
				"down": {"uv": [9, 0, 12, 4], "rotation": 180, "texture": "#side"}
			}
		},
		{
			"from": [0, 8, 9],
			"to": [3, 13, 10],
			"rotation": {"angle": 0, "axis": "y", "origin": [-5, 8, 8]},
			"faces": {
				"north": {"uv": [6, 12, 11, 15], "rotation": 270, "texture": "#side"},
				"east": {"uv": [6, 3, 7, 8], "texture": "#top"},
				"south": {"uv": [6, 12, 11, 15], "rotation": 270, "texture": "#side"},
				"west": {"uv": [9, 3, 10, 8], "texture": "#top", "cullface": "west"}
			}
		},
		{
			"from": [0, 8, 6],
			"to": [3, 13, 7],
			"rotation": {"angle": 0, "axis": "y", "origin": [-5, 8, 8]},
			"faces": {
				"north": {"uv": [6, 10, 11, 13], "rotation": 270, "texture": "#side"},
				"east": {"uv": [9, 3, 10, 8], "texture": "#top"},
				"south": {"uv": [0, 4, 5, 7], "rotation": 270, "texture": "#side"},
				"west": {"uv": [6, 3, 7, 8], "texture": "#top", "cullface": "west"}
			}
		},
		{
			"from": [0, 12, 10],
			"to": [3, 13, 12],
			"rotation": {"angle": 0, "axis": "y", "origin": [-5, 9, 15]},
			"faces": {
				"north": {"uv": [10, 3, 12, 4], "texture": "#top"},
				"east": {"uv": [10, 3, 12, 4], "rotation": 180, "texture": "#top"},
				"west": {"uv": [10, 3, 12, 4], "texture": "#top", "cullface": "west"},
				"down": {"uv": [3, 11, 6, 13], "rotation": 180, "texture": "#side"}
			}
		},
		{
			"from": [0, 12, 4],
			"to": [3, 13, 6],
			"rotation": {"angle": 0, "axis": "y", "origin": [-5, 8, 8]},
			"faces": {
				"east": {"uv": [4, 3, 6, 4], "rotation": 180, "texture": "#top"},
				"south": {"uv": [4, 3, 6, 4], "texture": "#top"},
				"west": {"uv": [4, 3, 6, 4], "texture": "#top", "cullface": "west"},
				"down": {"uv": [12, 7, 15, 9], "rotation": 180, "texture": "#top"}
			}
		},
		{
			"from": [0, 11, 4],
			"to": [3, 12, 5],
			"rotation": {"angle": 0, "axis": "y", "origin": [-5, 7, 7]},
			"faces": {
				"east": {"uv": [11, 4, 12, 5], "texture": "#top"},
				"south": {"uv": [12, 8, 15, 9], "rotation": 180, "texture": "#top"},
				"west": {"uv": [11, 4, 12, 5], "texture": "#top", "cullface": "west"},
				"down": {"uv": [12, 8, 15, 9], "rotation": 180, "texture": "#top"}
			}
		},
		{
			"from": [0, 11, 11],
			"to": [3, 12, 12],
			"rotation": {"angle": 0, "axis": "y", "origin": [-5, 7, 9]},
			"faces": {
				"north": {"uv": [3, 10, 6, 11], "texture": "#side"},
				"east": {"uv": [4, 4, 5, 5], "texture": "#top"},
				"west": {"uv": [4, 4, 5, 5], "texture": "#top", "cullface": "west"},
				"down": {"uv": [3, 10, 6, 11], "rotation": 180, "texture": "#side"}
			}
		},
		{
			"from": [0, 4, 6],
			"to": [3, 5, 7],
			"rotation": {"angle": 0, "axis": "y", "origin": [-5, 8, 8]},
			"faces": {
				"east": {"uv": [9, 11, 10, 12], "texture": "#top"},
				"south": {"uv": [9, 11, 10, 12], "texture": "#top"},
				"west": {"uv": [6, 11, 7, 12], "texture": "#top", "cullface": "west"},
				"up": {"uv": [9, 11, 10, 12], "rotation": 180, "texture": "#top"}
			}
		},
		{
			"from": [0, 4, 9],
			"to": [3, 5, 10],
			"rotation": {"angle": 0, "axis": "y", "origin": [-5, 8, 8]},
			"faces": {
				"north": {"uv": [6, 11, 7, 12], "texture": "#top"},
				"east": {"uv": [6, 11, 7, 12], "texture": "#top"},
				"west": {"uv": [9, 11, 10, 12], "texture": "#top", "cullface": "west"},
				"up": {"uv": [6, 11, 7, 12], "rotation": 180, "texture": "#top"}
			}
		},
		{
			"from": [-0.6, 0, 4],
			"to": [3.6, 1, 5],
			"rotation": {"angle": 0, "axis": "y", "origin": [-8, 8, -3]},
			"faces": {
				"north": {"uv": [11, 15, 12, 16], "texture": "#top"},
				"east": {"uv": [11, 15, 12, 16], "texture": "#top"},
				"south": {"uv": [11, 15, 12, 16], "texture": "#top"},
				"west": {"uv": [11, 15, 12, 16], "texture": "#top", "cullface": "west"},
				"down": {"uv": [11, 15, 12, 16], "rotation": 180, "texture": "#top"}
			}
		},
		{
			"from": [-0.6, 1, 2],
			"to": [3.6, 2, 5],
			"rotation": {"angle": 0, "axis": "y", "origin": [-8, 8, -4]},
			"faces": {
				"north": {"uv": [13, 14, 14, 15], "texture": "#top"},
				"east": {"uv": [11, 14, 14, 15], "texture": "#top"},
				"south": {"uv": [11, 14, 12, 15], "texture": "#top"},
				"west": {"uv": [11, 14, 14, 15], "rotation": 180, "texture": "#top", "cullface": "west"},
				"up": {"uv": [11, 14, 14, 15], "rotation": 270, "texture": "#top"},
				"down": {"uv": [11, 14, 14, 15], "rotation": 90, "texture": "#top"}
			}
		}
	]
}
