{
	"credit": "Made with Blockbench",
	"ambientocclusion": false,
	"textures": {
		"2": "block/mangrove_door_bottom",
		"particle": "block/mangrove_door_bottom",
		"side": "block/mangrove_sides"
	},
	"elements": [
		{
			"from": [0, 0, 0],
			"to": [3, 16, 16],
			"rotation": {"angle": 0, "axis": "y", "origin": [8, 12, 21]},
			"faces": {
				"north": {"uv": [0, 0, 3, 16], "texture": "#side", "cullface": "north"},
				"east": {"uv": [16, 0, 0, 16], "texture": "#2", "cullface": "east"},
				"south": {"uv": [3, 0, 6, 16], "texture": "#side", "cullface": "south"},
				"west": {"uv": [0, 0, 16, 16], "texture": "#2", "cullface": "west"},
				"down": {"uv": [9, 0, 12, 16], "texture": "#side", "cullface": "down"}
			}
		},
		{
			"from": [-0.5, 13, 13],
			"to": [3.5, 16, 14],
			"faces": {
				"north": {"uv": [13, 0, 14, 1], "texture": "#2"},
				"east": {"uv": [13, 0, 14, 1], "texture": "#2"},
				"south": {"uv": [13, 0, 14, 1], "texture": "#2"},
				"west": {"uv": [13, 0, 14, 1], "texture": "#2", "cullface": "west"},
				"down": {"uv": [13, 0, 14, 1], "texture": "#2"}
			}
		},
		{
			"from": [-0.5, 13, 12],
			"to": [3.5, 14, 13],
			"faces": {
				"north": {"uv": [12, 2, 13, 3], "texture": "#2"},
				"east": {"uv": [12, 2, 13, 3], "texture": "#2"},
				"south": {"uv": [12, 2, 13, 3], "texture": "#2"},
				"west": {"uv": [12, 2, 13, 3], "texture": "#2", "cullface": "west"},
				"up": {"uv": [12, 2, 13, 3], "texture": "#2"},
				"down": {"uv": [12, 2, 13, 3], "texture": "#2"}
			}
		}
	],
	"display": {}
}
