{
	"credit": "Made with Blockbench",
	"textures": {
		"particle": "block/mangrove_trapdoor",
		"main": "block/mangrove_trapdoor",
		"side": "block/mangrove_sides"
	},
	"elements": [
		{
			"from": [11, 0, 5],
			"to": [16, 3, 11],
			"rotation": {"angle": 0, "axis": "y", "origin": [0, 0, 16]},
			"faces": {
				"east": {"uv": [6, 5, 3, 11], "rotation": 90, "texture": "#side", "cullface": "east"},
				"west": {"uv": [6, 0, 3, 6], "rotation": 90, "texture": "#side"},
				"up": {"uv": [5, 11, 0, 5], "texture": "#main"},
				"down": {"uv": [0, 11, 5, 5], "rotation": 180, "texture": "#main", "cullface": "down"}
			}
		},
		{
			"from": [0, 0, 5],
			"to": [5, 3, 11],
			"rotation": {"angle": 0, "axis": "y", "origin": [0, 0, 16]},
			"faces": {
				"east": {"uv": [6, 0, 3, 6], "rotation": 90, "texture": "#side"},
				"west": {"uv": [6, 5, 3, 11], "rotation": 90, "texture": "#side", "cullface": "west"},
				"up": {"uv": [16, 11, 11, 5], "texture": "#main"},
				"down": {"uv": [11, 11, 16, 5], "rotation": 180, "texture": "#main", "cullface": "down"}
			}
		},
		{
			"from": [0, 0, 0],
			"to": [16, 3, 5],
			"rotation": {"angle": 0, "axis": "y", "origin": [0, 0, 16]},
			"faces": {
				"north": {"uv": [12, 0, 9, 16], "rotation": 90, "texture": "#side", "cullface": "north"},
				"east": {"uv": [6, 0, 3, 5], "rotation": 90, "texture": "#side", "cullface": "east"},
				"south": {"uv": [12, 0, 9, 16], "rotation": 90, "texture": "#side"},
				"west": {"uv": [6, 11, 3, 16], "rotation": 90, "texture": "#side", "cullface": "west"},
				"up": {"uv": [16, 16, 0, 11], "texture": "#main"},
				"down": {"uv": [0, 16, 16, 11], "rotation": 180, "texture": "#main", "cullface": "down"}
			}
		},
		{
			"from": [0, 0, 11],
			"to": [16, 3, 16],
			"rotation": {"angle": 0, "axis": "y", "origin": [0, 0, 16]},
			"faces": {
				"north": {"uv": [12, 0, 9, 16], "rotation": 90, "texture": "#side"},
				"east": {"uv": [6, 11, 3, 16], "rotation": 90, "texture": "#side"},
				"south": {"uv": [12, 0, 9, 16], "rotation": 90, "texture": "#side", "cullface": "south"},
				"west": {"uv": [6, 0, 3, 5], "rotation": 90, "texture": "#side", "cullface": "west"},
				"up": {"uv": [16, 5, 0, 0], "texture": "#main"},
				"down": {"uv": [0, 5, 16, 0], "rotation": 180, "texture": "#main", "cullface": "down"}
			}
		},
		{
			"from": [5, 0, 10],
			"to": [6, 3, 11],
			"rotation": {"angle": 0, "axis": "y", "origin": [0, 0, 16]},
			"faces": {
				"north": {"uv": [3, 13, 6, 12], "rotation": 90, "texture": "#side"},
				"east": {"uv": [9, 11, 12, 10], "rotation": 90, "texture": "#side"},
				"up": {"uv": [5, 11, 6, 10], "texture": "#main"},
				"down": {"uv": [5, 6, 6, 5], "texture": "#main", "cullface": "down"}
			}
		},
		{
			"from": [10, 0, 10],
			"to": [11, 3, 11],
			"rotation": {"angle": 0, "axis": "y", "origin": [0, 0, 16]},
			"faces": {
				"north": {"uv": [3, 12, 6, 11], "rotation": 90, "texture": "#side"},
				"west": {"uv": [3, 7, 6, 6], "rotation": 90, "texture": "#side"},
				"up": {"uv": [0, 1, 1, 0], "texture": "#main"},
				"down": {"uv": [0, 1, 1, 0], "texture": "#main", "cullface": "down"}
			}
		},
		{
			"from": [10, 0, 5],
			"to": [11, 3, 6],
			"rotation": {"angle": 0, "axis": "y", "origin": [0, 0, 16]},
			"faces": {
				"south": {"uv": [3, 9, 6, 8], "rotation": 90, "texture": "#side"},
				"west": {"uv": [9, 8, 12, 7], "rotation": 90, "texture": "#side"},
				"up": {"uv": [0, 1, 1, 0], "texture": "#main"},
				"down": {"uv": [10, 6, 11, 5], "texture": "#main", "cullface": "down"}
			}
		},
		{
			"from": [5, 0, 5],
			"to": [6, 3, 6],
			"rotation": {"angle": 0, "axis": "y", "origin": [0, 0, 16]},
			"faces": {
				"east": {"uv": [3, 3, 6, 2], "rotation": 90, "texture": "#side"},
				"south": {"uv": [9, 11, 12, 10], "rotation": 90, "texture": "#side"},
				"up": {"uv": [5, 6, 6, 5], "texture": "#main"},
				"down": {"uv": [0, 1, 1, 0], "texture": "#main", "cullface": "down"}
			}
		},
		{
			"from": [6, -0.5, 1],
			"to": [10, 3.5, 2],
			"rotation": {"angle": 0, "axis": "y", "origin": [0, 0, 16]},
			"faces": {
				"north": {"uv": [10, 14, 6, 15], "texture": "#main"},
				"east": {"uv": [10, 14, 9, 15], "texture": "#main"},
				"south": {"uv": [10, 14, 6, 15], "texture": "#main"},
				"west": {"uv": [7, 14, 6, 15], "texture": "#main"},
				"up": {"uv": [6, 15, 10, 14], "texture": "#main"},
				"down": {"uv": [6, 15, 10, 14], "texture": "#main", "cullface": "down"}
			}
		}
	],
	"display": {
		"thirdperson_righthand": {
			"rotation": [70, -45, 0],
			"translation": [0, 1.75, 2.25],
			"scale": [0.35, 0.35, 0.35]
		},
		"thirdperson_lefthand": {
			"rotation": [70, -45, 0],
			"translation": [0, 1.75, 2.25],
			"scale": [0.35, 0.35, 0.35]
		},
		"firstperson_righthand": {
			"rotation": [1, 43, 0],
			"translation": [3, 3.5, 0],
			"scale": [0.65, 0.65, 0.65]
		},
		"firstperson_lefthand": {
			"rotation": [1, 43, 0],
			"translation": [3, 3.5, 0],
			"scale": [0.65, 0.65, 0.65]
		},
		"ground": {
			"translation": [0, 3, 0],
			"scale": [0.23, 0.23, 0.23]
		},
		"gui": {
			"rotation": [35, 45, 0],
			"translation": [0, 0.5, 0],
			"scale": [0.65, 0.65, 0.65]
		},
		"head": {
			"translation": [0, 13, 0]
		},
		"fixed": {
			"rotation": [89.5, 0, 0],
			"translation": [0, 0, 5],
			"scale": [0.75, 0.75, 0.75]
		}
	}
}