{
	"credit": "Made with Blockbench",
	"textures": {
		"particle": "block/mangrove_trapdoor",
		"main": "block/mangrove_trapdoor",
		"side": "block/mangrove_sides"
	},
	"elements": [
		{
			"from": [11, 13, 5],
			"to": [16, 16, 11],
			"rotation": {"angle": 0, "axis": "y", "origin": [0, 16, 16]},
			"faces": {
				"east": {"uv": [3, 5, 6, 11], "rotation": 90, "texture": "#side", "cullface": "east"},
				"west": {"uv": [3, 0, 6, 6], "rotation": 90, "texture": "#side"},
				"up": {"uv": [0, 5, 5, 11], "rotation": 180, "texture": "#main", "cullface": "up"},
				"down": {"uv": [5, 5, 0, 11], "texture": "#main"}
			}
		},
		{
			"from": [0, 13, 5],
			"to": [5, 16, 11],
			"rotation": {"angle": 0, "axis": "y", "origin": [0, 16, 16]},
			"faces": {
				"east": {"uv": [3, 0, 6, 6], "rotation": 90, "texture": "#side"},
				"west": {"uv": [3, 5, 6, 11], "rotation": 90, "texture": "#side", "cullface": "west"},
				"up": {"uv": [11, 5, 16, 11], "rotation": 180, "texture": "#main", "cullface": "up"},
				"down": {"uv": [16, 5, 11, 11], "texture": "#main"}
			}
		},
		{
			"from": [0, 13, 0],
			"to": [16, 16, 5],
			"rotation": {"angle": 0, "axis": "y", "origin": [0, 16, 16]},
			"faces": {
				"north": {"uv": [9, 0, 12, 16], "rotation": 90, "texture": "#side", "cullface": "north"},
				"east": {"uv": [3, 0, 6, 5], "rotation": 90, "texture": "#side", "cullface": "east"},
				"south": {"uv": [9, 0, 12, 16], "rotation": 90, "texture": "#side"},
				"west": {"uv": [3, 11, 6, 16], "rotation": 90, "texture": "#side", "cullface": "west"},
				"up": {"uv": [0, 11, 16, 16], "rotation": 180, "texture": "#main", "cullface": "up"},
				"down": {"uv": [16, 11, 0, 16], "texture": "#main"}
			}
		},
		{
			"from": [0, 13, 11],
			"to": [16, 16, 16],
			"rotation": {"angle": 0, "axis": "y", "origin": [0, 16, 16]},
			"faces": {
				"north": {"uv": [9, 0, 12, 16], "rotation": 90, "texture": "#side"},
				"east": {"uv": [3, 11, 6, 16], "rotation": 90, "texture": "#side", "cullface": "east"},
				"south": {"uv": [9, 0, 12, 16], "rotation": 90, "texture": "#side", "cullface": "south"},
				"west": {"uv": [3, 0, 6, 5], "rotation": 90, "texture": "#side", "cullface": "west"},
				"up": {"uv": [0, 0, 16, 5], "rotation": 180, "texture": "#main", "cullface": "up"},
				"down": {"uv": [16, 0, 0, 5], "texture": "#main"}
			}
		},
		{
			"from": [5, 13, 10],
			"to": [6, 16, 11],
			"rotation": {"angle": 0, "axis": "y", "origin": [0, 16, 16]},
			"faces": {
				"north": {"uv": [6, 13, 3, 12], "rotation": 90, "texture": "#side"},
				"east": {"uv": [12, 11, 9, 10], "rotation": 90, "texture": "#side"},
				"up": {"uv": [5, 5, 6, 6], "texture": "#main", "cullface": "up"},
				"down": {"uv": [5, 10, 6, 11], "texture": "#main"}
			}
		},
		{
			"from": [10, 13, 10],
			"to": [11, 16, 11],
			"rotation": {"angle": 0, "axis": "y", "origin": [0, 16, 16]},
			"faces": {
				"north": {"uv": [6, 12, 3, 11], "rotation": 90, "texture": "#side"},
				"west": {"uv": [6, 7, 3, 6], "rotation": 90, "texture": "#side"},
				"up": {"uv": [0, 0, 1, 1], "texture": "#main", "cullface": "up"},
				"down": {"uv": [0, 0, 1, 1], "texture": "#main"}
			}
		},
		{
			"from": [10, 13, 5],
			"to": [11, 16, 6],
			"rotation": {"angle": 0, "axis": "y", "origin": [0, 16, 16]},
			"faces": {
				"south": {"uv": [6, 9, 3, 8], "rotation": 90, "texture": "#side"},
				"west": {"uv": [12, 8, 9, 7], "rotation": 90, "texture": "#side"},
				"up": {"uv": [10, 5, 11, 6], "texture": "#main", "cullface": "up"},
				"down": {"uv": [0, 0, 1, 1], "texture": "#main"}
			}
		},
		{
			"from": [5, 13, 5],
			"to": [6, 16, 6],
			"rotation": {"angle": 0, "axis": "y", "origin": [0, 16, 16]},
			"faces": {
				"east": {"uv": [6, 3, 3, 2], "rotation": 90, "texture": "#side"},
				"south": {"uv": [12, 11, 9, 10], "rotation": 90, "texture": "#side"},
				"up": {"uv": [0, 0, 1, 1], "texture": "#main", "cullface": "up"},
				"down": {"uv": [5, 5, 6, 6], "texture": "#main"}
			}
		},
		{
			"from": [6, 12.5, 1],
			"to": [10, 16.5, 2],
			"rotation": {"angle": 0, "axis": "y", "origin": [0, 16, 16]},
			"faces": {
				"north": {"uv": [10, 15, 6, 14], "texture": "#main"},
				"east": {"uv": [10, 15, 9, 14], "texture": "#main"},
				"south": {"uv": [10, 15, 6, 14], "texture": "#main"},
				"west": {"uv": [7, 15, 6, 14], "texture": "#main"},
				"up": {"uv": [6, 14, 10, 15], "texture": "#main", "cullface": "up"},
				"down": {"uv": [6, 14, 10, 15], "texture": "#main"}
			}
		}
	]
}
