{
	"credit": "Made with Blockbench",
	"ambientocclusion": false,
	"textures": {
		"2": "block/mangrove_door_bottom",
		"particle": "block/mangrove_door_bottom",
		"side": "block/mangrove_sides"
	},
	"elements": [
		{
			"from": [0, 0, 0],
			"to": [3, 16, 16],
			"rotation": {"angle": 0, "axis": "y", "origin": [8, 12, -5]},
			"faces": {
				"north": {"uv": [3, 0, 6, 16], "texture": "#side", "cullface": "south"},
				"east": {"uv": [0, 0, 16, 16], "texture": "#2", "cullface": "west"},
				"south": {"uv": [0, 0, 3, 16], "texture": "#side", "cullface": "north"},
				"west": {"uv": [16, 0, 0, 16], "texture": "#2", "cullface": "west"},
				"down": {"uv": [12, 16, 9, 0], "texture": "#side", "cullface": "down"}
			}
		},
		{
			"from": [-0.5, 13, 2],
			"to": [3.5, 16, 3],
			"rotation": {"angle": 0, "axis": "y", "origin": [16, 0, 16]},
			"faces": {
				"north": {"uv": [13, 0, 14, 1], "texture": "#2"},
				"east": {"uv": [13, 0, 14, 1], "texture": "#2"},
				"south": {"uv": [13, 0, 14, 1], "texture": "#2"},
				"west": {"uv": [13, 0, 14, 1], "texture": "#2", "cullface": "west"},
				"down": {"uv": [14, 1, 13, 0], "texture": "#2"}
			}
		},
		{
			"from": [-0.5, 13, 3],
			"to": [3.5, 14, 4],
			"rotation": {"angle": 0, "axis": "y", "origin": [16, 0, 16]},
			"faces": {
				"north": {"uv": [12, 2, 13, 3], "texture": "#2"},
				"east": {"uv": [12, 2, 13, 3], "texture": "#2"},
				"south": {"uv": [12, 2, 13, 3], "texture": "#2"},
				"west": {"uv": [12, 2, 13, 3], "texture": "#2", "cullface": "west"},
				"up": {"uv": [13, 3, 12, 2], "texture": "#2", "cullface": "up"},
				"down": {"uv": [13, 3, 12, 2], "texture": "#2"}
			}
		}
	]
}
