{
	"credit": "Made with Blockbench",
	"ambientocclusion": false,
	"textures": {
		"side": "block/oak_sides",
		"particle": "block/oak_door_top",
		"top": "block/oak_door_top"
	},
	"elements": [
		{
			"from": [0.00021, 13.00086, 2.99986],
			"to": [3.00021, 16.00086, 12.99986],
			"faces": {
				"east": {"uv": [13, 0, 3, 3], "texture": "#top"},
				"west": {"uv": [3, 0, 13, 3], "texture": "#top", "cullface": "west"},
				"up": {"uv": [12, 3, 15, 13], "rotation": 180, "texture": "#side", "cullface": "up"},
				"down": {"uv": [3, 5, 6, 15], "texture": "#side"}
			}
		},
		{
			"from": [-0.00095, -0.00019, 12.99977],
			"to": [2.99905, 15.99981, 15.99977],
			"faces": {
				"north": {"uv": [12, 0, 15, 16], "texture": "#side"},
				"east": {"uv": [16, 0, 13, 16], "texture": "#top"},
				"south": {"uv": [3, 0, 6, 16], "texture": "#side", "cullface": "south"},
				"west": {"uv": [13, 0, 16, 16], "texture": "#top", "cullface": "west"},
				"up": {"uv": [12, 0, 15, 3], "rotation": 180, "texture": "#side", "cullface": "up"}
			}
		},
		{
			"from": [0.00072, -0.00052, 0.00064],
			"to": [3.00072, 15.99948, 3.00064],
			"faces": {
				"north": {"uv": [6, 0, 9, 16], "texture": "#side", "cullface": "north"},
				"east": {"uv": [3, 0, 0, 16], "texture": "#top"},
				"south": {"uv": [3, 16, 6, 0], "rotation": 180, "texture": "#side"},
				"west": {"uv": [0, 0, 3, 16], "texture": "#top", "cullface": "west"},
				"up": {"uv": [12, 13, 15, 16], "rotation": 180, "texture": "#side", "cullface": "up"}
			}
		},
		{
			"from": [-0.00093, 0.00056, 2.99926],
			"to": [2.99907, 5.00056, 12.99926],
			"faces": {
				"east": {"uv": [13, 11, 3, 16], "texture": "#top"},
				"west": {"uv": [3, 11, 13, 16], "texture": "#top", "cullface": "west"},
				"up": {"uv": [12, 6, 15, 16], "texture": "#side"}
			}
		},
		{
			"from": [-0.00099, 5.00021, 7.00094],
			"to": [2.99901, 13.00021, 9.00094],
			"faces": {
				"north": {"uv": [12, 12, 15, 4], "texture": "#side"},
				"east": {"uv": [9, 3, 7, 11], "texture": "#top"},
				"south": {"uv": [9, 8, 12, 0], "texture": "#side"},
				"west": {"uv": [7, 3, 9, 11], "texture": "#top", "cullface": "west"}
			}
		},
		{
			"from": [0, 8.00068, 2.9994],
			"to": [3, 10.00068, 12.9994],
			"faces": {
				"east": {"uv": [13, 6, 3, 8], "texture": "#top"},
				"west": {"uv": [3, 6, 13, 8], "texture": "#top", "cullface": "west"},
				"up": {"uv": [12, 0, 15, 10], "texture": "#side"},
				"down": {"uv": [3, 0, 6, 10], "texture": "#side"}
			}
		},
		{
			"from": [-0.6, 0.99906, 10.99992],
			"to": [3.6, 1.99906, 13.99992],
			"faces": {
				"north": {"uv": [11, 14, 13, 15], "texture": "#top"},
				"east": {"uv": [11, 14, 14, 15], "rotation": 180, "texture": "#top"},
				"south": {"uv": [11, 14, 13, 15], "texture": "#top"},
				"west": {"uv": [11, 14, 14, 15], "texture": "#top", "cullface": "west"},
				"up": {"uv": [11, 14, 14, 15], "rotation": 90, "texture": "#top"},
				"down": {"uv": [11, 14, 14, 15], "rotation": 270, "texture": "#top"}
			}
		},
		{
			"from": [-0.6, 0.00095, 10.99946],
			"to": [3.6, 1.00095, 11.99946],
			"faces": {
				"north": {"uv": [11, 15, 12, 16], "texture": "#top"},
				"east": {"uv": [11, 15, 12, 16], "texture": "#top"},
				"south": {"uv": [11, 15, 12, 16], "texture": "#top"},
				"west": {"uv": [11, 15, 12, 16], "texture": "#top", "cullface": "west"},
				"up": {"uv": [0, 0, 0, 0], "texture": "#top"},
				"down": {"uv": [11, 15, 12, 16], "texture": "#top"}
			}
		}
	]
}
