{
	"credit": "Made with Blockbench",
	"textures": {
		"particle": "block/oak_trapdoor",
		"main": "block/oak_trapdoor",
		"side": "block/oak_sides"
	},
	"elements": [
		{
			"from": [3, 0, 13],
			"to": [13, 3, 16],
			"rotation": {"angle": 0, "axis": "y", "origin": [11, -7, 8]},
			"faces": {
				"north": {"uv": [15, 13, 12, 3], "rotation": 90, "texture": "#side"},
				"east": {"uv": [3, 3, 0, 0], "texture": "#missing"},
				"south": {"uv": [6, 13, 3, 3], "rotation": 270, "texture": "#side", "cullface": "south"},
				"west": {"uv": [3, 3, 0, 0], "texture": "#missing"},
				"up": {"uv": [13, 13, 3, 16], "texture": "#main"},
				"down": {"uv": [3, 13, 13, 16], "rotation": 180, "texture": "#main", "cullface": "down"}
			}
		},
		{
			"from": [13, 0, 0],
			"to": [16, 3, 16],
			"faces": {
				"north": {"uv": [12, 3, 9, 0], "rotation": 90, "texture": "#side", "cullface": "north"},
				"east": {"uv": [12, 16, 9, 0], "rotation": 90, "texture": "#side", "cullface": "east"},
				"south": {"uv": [6, 3, 3, 0], "rotation": 270, "texture": "#side", "cullface": "south"},
				"west": {"uv": [6, 16, 3, 0], "rotation": 90, "texture": "#side"},
				"up": {"uv": [3, 0, 0, 16], "texture": "#main"},
				"down": {"uv": [0, 0, 3, 16], "rotation": 180, "texture": "#main", "cullface": "down"}
			}
		},
		{
			"from": [0, 0, 0],
			"to": [3, 3, 16],
			"rotation": {"angle": 0, "axis": "y", "origin": [8, -5, 8]},
			"faces": {
				"north": {"uv": [12, 16, 9, 13], "rotation": 90, "texture": "#side", "cullface": "north"},
				"east": {"uv": [15, 16, 12, 0], "rotation": 90, "texture": "#side"},
				"south": {"uv": [6, 16, 3, 13], "rotation": 270, "texture": "#side", "cullface": "south"},
				"west": {"uv": [3, 16, 6, 0], "rotation": 90, "texture": "#side", "cullface": "west"},
				"up": {"uv": [16, 0, 13, 16], "texture": "#main"},
				"down": {"uv": [13, 0, 16, 16], "rotation": 180, "texture": "#main", "cullface": "down"}
			}
		},
		{
			"from": [3, 0, 0],
			"to": [13, 3, 3],
			"rotation": {"angle": 0, "axis": "y", "origin": [11, -5, -7]},
			"faces": {
				"north": {"uv": [12, 13, 9, 3], "rotation": 90, "texture": "#side", "cullface": "north"},
				"east": {"uv": [3, 3, 0, 0], "texture": "#missing"},
				"south": {"uv": [12, 16, 9, 6], "rotation": 90, "texture": "#side"},
				"west": {"uv": [3, 3, 0, 0], "texture": "#missing"},
				"up": {"uv": [13, 0, 3, 3], "texture": "#main"},
				"down": {"uv": [3, 0, 13, 3], "rotation": 180, "texture": "#main", "cullface": "down"}
			}
		},
		{
			"from": [3, 0, 6],
			"to": [13, 3, 10],
			"rotation": {"angle": 0, "axis": "y", "origin": [-2, 8, 8]},
			"faces": {
				"north": {"uv": [15, 14, 12, 4], "rotation": 90, "texture": "#side"},
				"east": {"uv": [3, 16, 0, 0], "rotation": 90, "texture": "#missing", "cullface": "east"},
				"south": {"uv": [6, 16, 3, 6], "rotation": 90, "texture": "#side"},
				"west": {"uv": [3, 16, 0, 0], "rotation": 90, "texture": "#missing", "cullface": "west"},
				"up": {"uv": [13, 6, 3, 10], "texture": "#main"},
				"down": {"uv": [3, 6, 13, 10], "rotation": 180, "texture": "#main", "cullface": "down"}
			}
		},
		{
			"from": [6, 0, 3],
			"to": [10, 3, 13],
			"rotation": {"angle": 0, "axis": "y", "origin": [1, 8, 8]},
			"faces": {
				"north": {"uv": [16, 3, 0, 0], "rotation": 180, "texture": "#missing", "cullface": "south"},
				"east": {"uv": [15, 12, 12, 2], "rotation": 90, "texture": "#side"},
				"south": {"uv": [16, 3, 0, 0], "rotation": 180, "texture": "#missing", "cullface": "north"},
				"west": {"uv": [12, 14, 9, 4], "rotation": 90, "texture": "#side"},
				"up": {"uv": [10, 3, 6, 13], "texture": "#main"},
				"down": {"uv": [6, 3, 10, 13], "rotation": 180, "texture": "#main", "cullface": "down"}
			}
		}
	],
	"display": {
		"thirdperson_righthand": {
			"rotation": [70, -45, 0],
			"translation": [0, 1.75, 2.25],
			"scale": [0.35, 0.35, 0.35]
		},
		"thirdperson_lefthand": {
			"rotation": [70, -45, 0],
			"translation": [0, 1.75, 2.25],
			"scale": [0.35, 0.35, 0.35]
		},
		"firstperson_righthand": {
			"rotation": [1, 43, 0],
			"translation": [3, 3.5, 0],
			"scale": [0.65, 0.65, 0.65]
		},
		"firstperson_lefthand": {
			"rotation": [1, 43, 0],
			"translation": [3, 3.5, 0],
			"scale": [0.65, 0.65, 0.65]
		},
		"ground": {
			"translation": [0, 3, 0],
			"scale": [0.23, 0.23, 0.23]
		},
		"gui": {
			"rotation": [35, 45, 0],
			"translation": [0, 0.5, 0],
			"scale": [0.65, 0.65, 0.65]
		},
		"head": {
			"translation": [0, 13, 0]
		},
		"fixed": {
			"rotation": [89.5, 0, 0],
			"translation": [0, 0, 5],
			"scale": [0.75, 0.75, 0.75]
		}
	}
}