{
	"credit": "Made with Blockbench",
	"textures": {
		"particle": "block/oak_trapdoor",
		"main": "block/oak_trapdoor",
		"side": "block/oak_sides"
	},
	"elements": [
		{
			"from": [3, 13, 0],
			"to": [13, 16, 3],
			"rotation": {"angle": 0, "axis": "y", "origin": [11, 23, 8]},
			"faces": {
				"north": {"uv": [3, 3, 6, 13], "rotation": 270, "texture": "#side"},
				"east": {"uv": [0, 0, 3, 3], "texture": "#missing"},
				"south": {"uv": [12, 3, 15, 13], "rotation": 90, "texture": "#side"},
				"west": {"uv": [0, 0, 3, 3], "texture": "#missing"},
				"up": {"uv": [3, 13, 13, 16], "rotation": 180, "texture": "#main"},
				"down": {"uv": [13, 13, 3, 16], "texture": "#main"}
			}
		},
		{
			"from": [13, 13, 0],
			"to": [16, 16, 16],
			"faces": {
				"north": {"uv": [3, 0, 6, 3], "rotation": 270, "texture": "#side", "cullface": "north"},
				"east": {"uv": [9, 0, 12, 16], "rotation": 90, "texture": "#side", "cullface": "east"},
				"south": {"uv": [9, 0, 12, 3], "rotation": 90, "texture": "#side", "cullface": "south"},
				"west": {"uv": [3, 0, 6, 16], "rotation": 90, "texture": "#side"},
				"up": {"uv": [0, 0, 3, 16], "rotation": 180, "texture": "#main", "cullface": "up"},
				"down": {"uv": [3, 0, 0, 16], "texture": "#main"}
			}
		},
		{
			"from": [0, 13, 0],
			"to": [3, 16, 16],
			"rotation": {"angle": 0, "axis": "y", "origin": [8, 21, 8]},
			"faces": {
				"north": {"uv": [3, 13, 6, 16], "rotation": 270, "texture": "#side"},
				"east": {"uv": [12, 0, 15, 16], "rotation": 90, "texture": "#side"},
				"south": {"uv": [9, 13, 12, 16], "rotation": 90, "texture": "#side"},
				"west": {"uv": [6, 0, 3, 16], "rotation": 90, "texture": "#side"},
				"up": {"uv": [13, 0, 16, 16], "rotation": 180, "texture": "#main"},
				"down": {"uv": [16, 0, 13, 16], "texture": "#main"}
			}
		},
		{
			"from": [3, 13, 13],
			"to": [13, 16, 16],
			"rotation": {"angle": 0, "axis": "y", "origin": [11, 21, 23]},
			"faces": {
				"north": {"uv": [9, 6, 12, 16], "rotation": 90, "texture": "#side"},
				"east": {"uv": [0, 0, 3, 3], "texture": "#missing"},
				"south": {"uv": [9, 3, 12, 13], "rotation": 90, "texture": "#side"},
				"west": {"uv": [0, 0, 3, 3], "texture": "#missing"},
				"up": {"uv": [3, 0, 13, 3], "rotation": 180, "texture": "#main"},
				"down": {"uv": [13, 0, 3, 3], "texture": "#main"}
			}
		},
		{
			"from": [3, 13, 6],
			"to": [13, 16, 10],
			"rotation": {"angle": 0, "axis": "y", "origin": [-2, 8, 8]},
			"faces": {
				"north": {"uv": [3, 6, 6, 16], "rotation": 90, "texture": "#side"},
				"east": {"uv": [0, 0, 3, 16], "rotation": 90, "texture": "#missing", "cullface": "east"},
				"south": {"uv": [12, 4, 15, 14], "rotation": 90, "texture": "#side"},
				"west": {"uv": [0, 0, 3, 16], "rotation": 90, "texture": "#missing", "cullface": "west"},
				"up": {"uv": [3, 6, 13, 10], "rotation": 180, "texture": "#main", "cullface": "up"},
				"down": {"uv": [13, 6, 3, 10], "texture": "#main"}
			}
		},
		{
			"from": [6, 13, 3],
			"to": [10, 16, 13],
			"rotation": {"angle": 0, "axis": "y", "origin": [1, 8, 8]},
			"faces": {
				"north": {"uv": [0, 0, 16, 3], "rotation": 180, "texture": "#missing", "cullface": "north"},
				"east": {"uv": [12, 2, 15, 12], "rotation": 90, "texture": "#side"},
				"south": {"uv": [0, 0, 16, 3], "rotation": 180, "texture": "#missing", "cullface": "south"},
				"west": {"uv": [9, 4, 12, 14], "rotation": 90, "texture": "#side"},
				"up": {"uv": [6, 3, 10, 13], "rotation": 180, "texture": "#main", "cullface": "up"},
				"down": {"uv": [10, 3, 6, 13], "texture": "#main"}
			}
		}
	]
}
