{
	"credit": "Created by Zetheon",
	"ambientocclusion": false,
	"textures": {
		"1": "block/spruce_sides",
		"particle": "block/spruce_door_bottom",
		"bottom": "block/spruce_door_bottom"
	},
	"elements": [
		{
			"from": [0, 0, 0],
			"to": [3, 16, 16],
			"faces": {
				"north": {"uv": [3, 0, 6, 16], "texture": "#1", "cullface": "north"},
				"east": {"uv": [0, 0, 16, 16], "texture": "#bottom"},
				"south": {"uv": [0, 0, 3, 16], "texture": "#1", "cullface": "south"},
				"west": {"uv": [16, 0, 0, 16], "texture": "#bottom", "cullface": "west"},
				"down": {"uv": [15, 0, 12, 16], "texture": "#1", "cullface": "down"}
			}
		},
		{
			"from": [-0.5, 15, 3],
			"to": [3.5, 16, 5],
			"faces": {
				"north": {"uv": [13, 0, 12, 1], "texture": "#bottom"},
				"east": {"uv": [11, 0, 13, 1], "texture": "#bottom"},
				"south": {"uv": [12, 0, 11, 1], "texture": "#bottom"},
				"west": {"uv": [13, 0, 11, 1], "texture": "#bottom", "cullface": "west"},
				"up": {"uv": [13, 0, 11, 1], "rotation": 90, "texture": "#bottom"},
				"down": {"uv": [13, 0, 11, 1], "rotation": 270, "texture": "#bottom"}
			}
		},
		{
			"from": [-0.5, 13, 5],
			"to": [3.5, 15, 6],
			"faces": {
				"north": {"uv": [11, 1, 10, 3], "texture": "#bottom"},
				"east": {"uv": [11, 1, 10, 3], "texture": "#bottom"},
				"south": {"uv": [11, 1, 10, 3], "texture": "#bottom"},
				"west": {"uv": [11, 1, 10, 3], "texture": "#bottom", "cullface": "west"},
				"up": {"uv": [10, 2, 11, 1], "texture": "#bottom"},
				"down": {"uv": [10, 3, 11, 2], "texture": "#bottom"}
			}
		},
		{
			"from": [-0.5, 13, 2],
			"to": [3.5, 15, 3],
			"faces": {
				"north": {"uv": [14, 1, 13, 3], "texture": "#bottom"},
				"east": {"uv": [14, 1, 13, 3], "texture": "#bottom"},
				"south": {"uv": [14, 1, 13, 3], "texture": "#bottom"},
				"west": {"uv": [14, 1, 13, 3], "texture": "#bottom", "cullface": "west"},
				"up": {"uv": [13, 2, 14, 1], "texture": "#bottom"},
				"down": {"uv": [13, 3, 14, 2], "texture": "#bottom"}
			}
		},
		{
			"from": [-0.5, 12, 3],
			"to": [3.5, 13, 5],
			"faces": {
				"north": {"uv": [13, 3, 12, 4], "texture": "#bottom"},
				"east": {"uv": [11, 3, 13, 4], "texture": "#bottom"},
				"south": {"uv": [12, 3, 11, 4], "texture": "#bottom"},
				"west": {"uv": [13, 3, 11, 4], "texture": "#bottom", "cullface": "west"},
				"up": {"uv": [13, 3, 11, 4], "rotation": 270, "texture": "#bottom"},
				"down": {"uv": [13, 3, 11, 4], "rotation": 90, "texture": "#bottom"}
			}
		}
	]
}
