{
	"credit": "Created by Zetheon",
	"ambientocclusion": false,
	"textures": {
		"particle": "#bottom",
		"side": "block/warped_sides",
		"bottom": "block/warped_door_bottom"
	},
	"elements": [
		{
			"from": [0, 0, 0],
			"to": [3, 16, 16],
			"faces": {
				"north": {"uv": [0, 0, 3, 16], "texture": "#side", "cullface": "north"},
				"east": {"uv": [16, 0, 0, 16], "texture": "#bottom"},
				"south": {"uv": [3, 0, 6, 16], "texture": "#side", "cullface": "south"},
				"west": {"uv": [0, 0, 16, 16], "texture": "#bottom", "cullface": "west"},
				"down": {"uv": [9, 0, 12, 16], "texture": "#side", "cullface": "down"}
			}
		},
		{
			"from": [-0.6, 15, 11],
			"to": [3.6, 16, 14],
			"rotation": {"angle": 0, "axis": "y", "origin": [8.5, 8, 8]},
			"faces": {
				"north": {"uv": [11, 0, 12, 1], "texture": "#bottom"},
				"east": {"uv": [11, 0, 14, 1], "texture": "#bottom"},
				"south": {"uv": [13, 0, 14, 1], "texture": "#bottom"},
				"west": {"uv": [11, 0, 14, 1], "texture": "#bottom", "cullface": "west"},
				"up": {"uv": [11, 0, 14, 1], "rotation": 90, "texture": "#bottom"},
				"down": {"uv": [11, 0, 14, 1], "rotation": 90, "texture": "#bottom"}
			}
		}
	]
}
