{
	"credit": "Made with Blockbench",
	"parent": "doors/thin_block",
	"textures": {
		"particle": "block/warped_trapdoor",
		"main": "block/warped_trapdoor",
		"side": "block/warped_sides"
	},
	"elements": [
		{
			"from": [3, 0, 13],
			"to": [13, 3, 16],
			"rotation": {"angle": 0, "axis": "y", "origin": [18, 8, 8]},
			"faces": {
				"north": {"uv": [0, 0, 10, 3], "texture": "#main"},
				"south": {"uv": [9, 3, 12, 13], "rotation": 90, "texture": "#side", "cullface": "south"},
				"up": {"uv": [3, 13, 13, 16], "texture": "#main"},
				"down": {"uv": [3, 0, 13, 3], "texture": "#main", "cullface": "down"}
			}
		},
		{
			"from": [0, 0, 0],
			"to": [3, 3, 16],
			"faces": {
				"north": {"uv": [3, 13, 6, 16], "rotation": 90, "texture": "#side", "cullface": "north"},
				"east": {"uv": [0, 0, 16, 3], "texture": "#main"},
				"south": {"uv": [3, 13, 6, 16], "rotation": 90, "texture": "#side", "cullface": "south"},
				"west": {"uv": [9, 0, 12, 16], "rotation": 90, "texture": "#side", "cullface": "west"},
				"up": {"uv": [0, 0, 3, 16], "texture": "#main"},
				"down": {"uv": [0, 0, 3, 16], "texture": "#main", "cullface": "down"}
			}
		},
		{
			"from": [13, 0, 0],
			"to": [16, 3, 16],
			"rotation": {"angle": 0, "axis": "y", "origin": [21, 8, 8]},
			"faces": {
				"north": {"uv": [3, 0, 6, 3], "rotation": 90, "texture": "#side", "cullface": "north"},
				"east": {"uv": [9, 0, 12, 16], "rotation": 90, "texture": "#side", "cullface": "east"},
				"south": {"uv": [3, 0, 6, 3], "rotation": 90, "texture": "#side", "cullface": "south"},
				"west": {"uv": [12, 0, 15, 16], "rotation": 90, "texture": "#side"},
				"up": {"uv": [13, 0, 16, 16], "texture": "#main"},
				"down": {"uv": [13, 0, 16, 16], "texture": "#main", "cullface": "down"}
			}
		},
		{
			"from": [3, 0, 0],
			"to": [13, 3, 3],
			"rotation": {"angle": 0, "axis": "y", "origin": [18, 8, -5]},
			"faces": {
				"north": {"uv": [9, 3, 12, 13], "rotation": 90, "texture": "#side", "cullface": "north"},
				"south": {"uv": [0, 0, 10, 3], "texture": "#main"},
				"up": {"uv": [3, 0, 13, 3], "texture": "#main"},
				"down": {"uv": [3, 13, 13, 16], "texture": "#main", "cullface": "down"}
			}
		},
		{
			"from": [3, 0, 6],
			"to": [4, 3, 8],
			"rotation": {"angle": 0, "axis": "y", "origin": [16, 8, -3]},
			"faces": {
				"north": {"uv": [2, 9, 3, 12], "texture": "#main"},
				"east": {"uv": [9, 1, 11, 4], "texture": "#main"},
				"south": {"uv": [2, 5, 3, 8], "texture": "#main"},
				"up": {"uv": [3, 6, 4, 8], "texture": "#main"},
				"down": {"uv": [3, 6, 4, 8], "texture": "#main", "cullface": "down"}
			}
		},
		{
			"from": [12, 0, 5],
			"to": [13, 3, 10],
			"rotation": {"angle": 0, "axis": "y", "origin": [25, 8, 0]},
			"faces": {
				"north": {"uv": [12, 5, 13, 8], "texture": "#main"},
				"south": {"uv": [13, 6, 14, 9], "texture": "#main"},
				"west": {"uv": [12, 5, 15, 10], "rotation": 270, "texture": "#main"},
				"up": {"uv": [12, 5, 13, 10], "texture": "#main"},
				"down": {"uv": [12, 5, 13, 10], "texture": "#main", "cullface": "down"}
			}
		},
		{
			"from": [4, 0, 9],
			"to": [6, 3, 13],
			"rotation": {"angle": 0, "axis": "y", "origin": [17, 8, 2]},
			"faces": {
				"north": {"uv": [4, 9, 6, 13], "texture": "#main"},
				"east": {"uv": [8, 0, 12, 3], "texture": "#main"},
				"west": {"uv": [13, 3, 16, 7], "rotation": 90, "texture": "#main"},
				"up": {"uv": [4, 9, 6, 13], "texture": "#main"},
				"down": {"uv": [4, 9, 6, 13], "rotation": 180, "texture": "#main", "cullface": "down"}
			}
		},
		{
			"from": [6, 0, 12],
			"to": [7, 3, 13],
			"rotation": {"angle": 0, "axis": "y", "origin": [19, 8, 2]},
			"faces": {
				"north": {"uv": [6, 12, 7, 13], "texture": "#main"},
				"east": {"uv": [6, 12, 7, 13], "texture": "#main"},
				"up": {"uv": [6, 12, 7, 13], "texture": "#main"},
				"down": {"uv": [6, 12, 7, 13], "texture": "#main", "cullface": "down"}
			}
		},
		{
			"from": [5, 0, 8],
			"to": [7, 3, 10],
			"rotation": {"angle": 0, "axis": "y", "origin": [19, 8, 3]},
			"faces": {
				"north": {"uv": [5, 8, 7, 10], "texture": "#main"},
				"east": {"uv": [1, 6, 3, 9], "rotation": 180, "texture": "#main"},
				"south": {"uv": [6, 9, 7, 10], "texture": "#main"},
				"west": {"uv": [5, 8, 7, 10], "texture": "#main"},
				"up": {"uv": [5, 8, 7, 10], "texture": "#main"},
				"down": {"uv": [5, 8, 7, 10], "texture": "#main", "cullface": "down"}
			}
		},
		{
			"from": [4, 0, 3],
			"to": [6, 3, 5],
			"rotation": {"angle": 0, "axis": "y", "origin": [18, 8, -2]},
			"faces": {
				"east": {"uv": [5, 3, 6, 4], "rotation": 180, "texture": "#main"},
				"south": {"uv": [4, 4, 5, 5], "rotation": 180, "texture": "#main"},
				"west": {"uv": [12, 5, 14, 8], "rotation": 180, "texture": "#main"},
				"up": {"uv": [4, 3, 6, 5], "texture": "#main"},
				"down": {"uv": [4, 3, 6, 5], "rotation": 180, "texture": "#main", "cullface": "down"}
			}
		},
		{
			"from": [5, 0, 4],
			"to": [7, 3, 6],
			"rotation": {"angle": 0, "axis": "y", "origin": [19, 8, -1]},
			"faces": {
				"north": {"uv": [1, 3, 3, 6], "texture": "#main"},
				"east": {"uv": [12, 6, 14, 9], "texture": "#main"},
				"south": {"uv": [5, 5, 6, 6], "texture": "#main"},
				"west": {"uv": [5, 5, 6, 6], "texture": "#main"},
				"up": {"uv": [5, 4, 7, 6], "texture": "#main"},
				"down": {"uv": [5, 4, 7, 6], "texture": "#main", "cullface": "down"}
			}
		},
		{
			"from": [10, 0, 5],
			"to": [11, 3, 12],
			"rotation": {"angle": 0, "axis": "y", "origin": [23, 8, 0]},
			"faces": {
				"north": {"uv": [12, 5, 13, 8], "texture": "#main"},
				"east": {"uv": [13, 3, 16, 10], "rotation": 90, "texture": "#main"},
				"south": {"uv": [5, 10, 6, 13], "texture": "#main"},
				"west": {"uv": [12, 2, 15, 9], "rotation": 90, "texture": "#side"},
				"up": {"uv": [10, 5, 11, 12], "texture": "#main"},
				"down": {"uv": [10, 5, 11, 12], "texture": "#main", "cullface": "down"}
			}
		},
		{
			"from": [9, 0, 10],
			"to": [10, 3, 13],
			"rotation": {"angle": 0, "axis": "y", "origin": [22, 8, 2]},
			"faces": {
				"north": {"uv": [14, 8, 15, 11], "texture": "#main"},
				"east": {"uv": [9, 12, 10, 13], "texture": "#main"},
				"west": {"uv": [12, 5, 15, 8], "texture": "#main"},
				"up": {"uv": [9, 10, 10, 13], "texture": "#main"},
				"down": {"uv": [9, 10, 10, 13], "texture": "#main", "cullface": "down"}
			}
		},
		{
			"from": [11, 0, 12],
			"to": [12, 3, 13],
			"rotation": {"angle": 0, "axis": "y", "origin": [24, 8, 2]},
			"faces": {
				"north": {"uv": [11, 12, 12, 15], "texture": "#main"},
				"east": {"uv": [11, 12, 12, 15], "texture": "#main"},
				"west": {"uv": [11, 12, 12, 13], "texture": "#main"},
				"up": {"uv": [11, 12, 12, 13], "texture": "#main"},
				"down": {"uv": [11, 12, 12, 13], "texture": "#main", "cullface": "down"}
			}
		},
		{
			"from": [6, 0, 6],
			"to": [7, 3, 8],
			"rotation": {"angle": 0, "axis": "y", "origin": [19, 8, -3]},
			"faces": {
				"east": {"uv": [1, 4, 3, 7], "texture": "#main"},
				"west": {"uv": [13, 5, 15, 8], "texture": "#main"},
				"up": {"uv": [6, 6, 7, 8], "texture": "#main"},
				"down": {"uv": [6, 6, 7, 8], "texture": "#main", "cullface": "down"}
			}
		},
		{
			"from": [9, 0, 4],
			"to": [10, 3, 7],
			"rotation": {"angle": 0, "axis": "y", "origin": [22, 8, -6]},
			"faces": {
				"east": {"uv": [9, 4, 10, 5], "texture": "#main"},
				"south": {"uv": [13, 6, 14, 9], "rotation": 180, "texture": "#main"},
				"west": {"uv": [12, 5, 15, 8], "rotation": 90, "texture": "#main"},
				"up": {"uv": [9, 4, 10, 7], "texture": "#main"},
				"down": {"uv": [9, 4, 10, 7], "texture": "#main", "cullface": "down"}
			}
		},
		{
			"from": [8, 0, 3],
			"to": [11, 3, 4],
			"rotation": {"angle": 0, "axis": "y", "origin": [21, 8, -7]},
			"faces": {
				"east": {"uv": [13, 5, 14, 8], "texture": "#main"},
				"south": {"uv": [12, 7, 15, 10], "texture": "#main"},
				"west": {"uv": [8, 3, 9, 4], "texture": "#main"},
				"up": {"uv": [8, 3, 11, 4], "texture": "#main"},
				"down": {"uv": [8, 3, 11, 4], "texture": "#main", "cullface": "down"}
			}
		}
	],
	"display": {
		"thirdperson_righthand": {
			"rotation": [70, -45, 0],
			"translation": [0, 1.75, 2.25],
			"scale": [0.35, 0.35, 0.35]
		},
		"thirdperson_lefthand": {
			"rotation": [70, -45, 0],
			"translation": [0, 1.75, 2.25],
			"scale": [0.35, 0.35, 0.35]
		},
		"firstperson_righthand": {
			"rotation": [1, 43, 0],
			"translation": [3, 3.5, 0],
			"scale": [0.65, 0.65, 0.65]
		},
		"firstperson_lefthand": {
			"rotation": [1, 43, 0],
			"translation": [3, 3.5, 0],
			"scale": [0.65, 0.65, 0.65]
		},
		"ground": {
			"translation": [0, 3, 0],
			"scale": [0.23, 0.23, 0.23]
		},
		"gui": {
			"rotation": [35, 45, 0],
			"translation": [0, 0.5, 0],
			"scale": [0.65, 0.65, 0.65]
		},
		"head": {
			"translation": [0, 13, 0]
		},
		"fixed": {
			"rotation": [89.5, 0, 0],
			"translation": [0, 0, 5],
			"scale": [0.75, 0.75, 0.75]
		}
	}
}