{
	"credit": "Created by Zetheon",
	"ambientocclusion": false,
	"textures": {
		"particle": "#top",
		"side": "block/warped_sides",
		"top": "block/warped_door_top"
	},
	"elements": [
		{
			"from": [0, 0, 0],
			"to": [3, 16, 16],
			"faces": {
				"north": {"uv": [6, 0, 9, 16], "texture": "#side", "cullface": "north"},
				"east": {"uv": [16, 0, 0, 16], "texture": "#top"},
				"south": {"uv": [9, 0, 12, 16], "texture": "#side", "cullface": "south"},
				"west": {"uv": [0, 0, 16, 16], "texture": "#top", "cullface": "west"},
				"up": {"uv": [12, 0, 15, 16], "texture": "#side", "cullface": "up"}
			}
		},
		{
			"from": [-0.6, 0, 14],
			"to": [3.6, 2, 15],
			"rotation": {"angle": 0, "axis": "y", "origin": [5, -6, 11]},
			"faces": {
				"north": {"uv": [10, 14, 11, 16], "texture": "#top", "cullface": "north"},
				"east": {"uv": [14, 14, 15, 16], "texture": "#top"},
				"south": {"uv": [10, 14, 11, 16], "texture": "#top", "cullface": "south"},
				"west": {"uv": [10, 14, 11, 16], "texture": "#top", "cullface": "west"},
				"up": {"uv": [10, 14, 11, 15], "rotation": 90, "texture": "#top"},
				"down": {"uv": [10, 15, 11, 16], "rotation": 90, "texture": "#top", "cullface": "down"}
			}
		},
		{
			"from": [-0.6, 0, 10],
			"to": [3.6, 2, 11],
			"rotation": {"angle": 0, "axis": "y", "origin": [5, -6, 7]},
			"faces": {
				"north": {"uv": [10, 14, 11, 16], "texture": "#top", "cullface": "north"},
				"east": {"uv": [14, 14, 15, 16], "texture": "#top"},
				"south": {"uv": [10, 14, 11, 16], "texture": "#top", "cullface": "south"},
				"west": {"uv": [10, 14, 11, 16], "texture": "#top", "cullface": "west"},
				"up": {"uv": [10, 14, 11, 15], "rotation": 90, "texture": "#top"},
				"down": {"uv": [10, 15, 11, 16], "rotation": 90, "texture": "#top", "cullface": "down"}
			}
		}
	]
}
