{
	"credit": "Created by Zetheon",
	"parent": "doors/thin_block",
	"textures": {
		"particle": "block/warped_trapdoor",
		"main": "block/warped_trapdoor",
		"side": "block/warped_sides"
	},
	"elements": [
		{
			"from": [3, 0, 13],
			"to": [13, 3, 16],
			"rotation": {"angle": 0, "axis": "y", "origin": [18, 8, 21]},
			"faces": {
				"north": {"uv": [3, 0, 13, 3], "rotation": 180, "texture": "#main"},
				"south": {"uv": [3, 13, 13, 16], "texture": "#main", "cullface": "south"},
				"up": {"uv": [0, 0, 10, 3], "rotation": 180, "texture": "#main"},
				"down": {"uv": [9, 3, 12, 13], "rotation": 90, "texture": "#side", "cullface": "down"}
			}
		},
		{
			"from": [0, 0, 13],
			"to": [3, 16, 16],
			"rotation": {"angle": 0, "axis": "y", "origin": [8, 8, 21]},
			"faces": {
				"north": {"uv": [0, 0, 3, 16], "rotation": 180, "texture": "#main"},
				"east": {"uv": [0, 0, 16, 3], "rotation": 270, "texture": "#main"},
				"south": {"uv": [0, 0, 3, 16], "texture": "#main", "cullface": "south"},
				"west": {"uv": [9, 0, 12, 16], "rotation": 180, "texture": "#side", "cullface": "west"},
				"up": {"uv": [3, 13, 6, 16], "rotation": 270, "texture": "#side", "cullface": "up"},
				"down": {"uv": [3, 13, 6, 16], "rotation": 90, "texture": "#side", "cullface": "down"}
			}
		},
		{
			"from": [13, 0, 13],
			"to": [16, 16, 16],
			"rotation": {"angle": 0, "axis": "y", "origin": [21, 8, 21]},
			"faces": {
				"north": {"uv": [13, 0, 16, 16], "rotation": 180, "texture": "#main"},
				"east": {"uv": [9, 0, 12, 16], "texture": "#side", "cullface": "east"},
				"south": {"uv": [13, 0, 16, 16], "texture": "#main", "cullface": "south"},
				"west": {"uv": [12, 0, 15, 16], "rotation": 180, "texture": "#side"},
				"up": {"uv": [3, 0, 6, 3], "rotation": 270, "texture": "#side", "cullface": "up"},
				"down": {"uv": [3, 0, 6, 3], "rotation": 90, "texture": "#side", "cullface": "down"}
			}
		},
		{
			"from": [3, 13, 13],
			"to": [13, 16, 16],
			"rotation": {"angle": 0, "axis": "y", "origin": [18, 21, 21]},
			"faces": {
				"north": {"uv": [3, 13, 13, 16], "rotation": 180, "texture": "#main"},
				"south": {"uv": [3, 0, 13, 3], "texture": "#main", "cullface": "south"},
				"up": {"uv": [9, 3, 12, 13], "rotation": 270, "texture": "#side", "cullface": "up"},
				"down": {"uv": [0, 0, 10, 3], "texture": "#main"}
			}
		},
		{
			"from": [3, 8, 13],
			"to": [4, 10, 16],
			"rotation": {"angle": 0, "axis": "y", "origin": [16, 19, 21]},
			"faces": {
				"north": {"uv": [3, 6, 4, 8], "rotation": 180, "texture": "#main"},
				"east": {"uv": [9, 1, 11, 4], "rotation": 270, "texture": "#main"},
				"south": {"uv": [3, 6, 4, 8], "texture": "#main", "cullface": "south"},
				"up": {"uv": [3, 6, 4, 8], "rotation": 180, "texture": "#main"},
				"down": {"uv": [3, 6, 4, 8], "texture": "#main"}
			}
		},
		{
			"from": [12, 6, 13],
			"to": [13, 11, 16],
			"rotation": {"angle": 0, "axis": "y", "origin": [25, 16, 21]},
			"faces": {
				"north": {"uv": [12, 5, 13, 10], "rotation": 180, "texture": "#main"},
				"south": {"uv": [12, 5, 13, 10], "texture": "#main", "cullface": "south"},
				"west": {"uv": [12, 5, 15, 10], "texture": "#main"},
				"up": {"uv": [12, 5, 13, 8], "rotation": 180, "texture": "#main"},
				"down": {"uv": [13, 6, 14, 9], "texture": "#main"}
			}
		},
		{
			"from": [4, 3, 13],
			"to": [6, 7, 16],
			"rotation": {"angle": 0, "axis": "y", "origin": [17, 14, 21]},
			"faces": {
				"north": {"uv": [4, 9, 6, 13], "texture": "#main"},
				"east": {"uv": [8, 0, 12, 3], "rotation": 270, "texture": "#main"},
				"south": {"uv": [4, 9, 6, 13], "texture": "#main", "cullface": "south"},
				"west": {"uv": [13, 3, 16, 7], "rotation": 180, "texture": "#main"},
				"up": {"uv": [4, 9, 6, 13], "rotation": 180, "texture": "#main"}
			}
		},
		{
			"from": [6, 3, 13],
			"to": [7, 4, 16],
			"rotation": {"angle": 0, "axis": "y", "origin": [19, 14, 21]},
			"faces": {
				"north": {"uv": [6, 12, 7, 13], "rotation": 180, "texture": "#main"},
				"east": {"uv": [6, 12, 7, 13], "rotation": 270, "texture": "#main"},
				"south": {"uv": [6, 12, 7, 13], "texture": "#main", "cullface": "south"},
				"up": {"uv": [6, 12, 7, 13], "rotation": 180, "texture": "#main"}
			}
		},
		{
			"from": [5, 6, 13],
			"to": [7, 8, 16],
			"rotation": {"angle": 0, "axis": "y", "origin": [19, 13, 21]},
			"faces": {
				"north": {"uv": [5, 8, 7, 10], "rotation": 180, "texture": "#main"},
				"east": {"uv": [1, 6, 3, 9], "rotation": 90, "texture": "#main"},
				"south": {"uv": [5, 8, 7, 10], "texture": "#main", "cullface": "south"},
				"west": {"uv": [5, 8, 7, 10], "rotation": 90, "texture": "#main"},
				"up": {"uv": [5, 8, 7, 10], "rotation": 180, "texture": "#main"},
				"down": {"uv": [6, 9, 7, 10], "texture": "#main"}
			}
		},
		{
			"from": [4, 11, 13],
			"to": [6, 13, 16],
			"rotation": {"angle": 0, "axis": "y", "origin": [18, 18, 21]},
			"faces": {
				"north": {"uv": [4, 3, 6, 5], "texture": "#main"},
				"east": {"uv": [5, 3, 6, 4], "rotation": 90, "texture": "#main"},
				"south": {"uv": [4, 3, 6, 5], "texture": "#main", "cullface": "south"},
				"west": {"uv": [12, 5, 14, 8], "rotation": 270, "texture": "#main"},
				"down": {"uv": [4, 4, 5, 5], "rotation": 180, "texture": "#main"}
			}
		},
		{
			"from": [5, 10, 13],
			"to": [7, 12, 16],
			"rotation": {"angle": 0, "axis": "y", "origin": [19, 17, 21]},
			"faces": {
				"north": {"uv": [5, 4, 7, 6], "rotation": 180, "texture": "#main"},
				"east": {"uv": [12, 6, 14, 9], "rotation": 270, "texture": "#main"},
				"south": {"uv": [5, 4, 7, 6], "texture": "#main", "cullface": "south"},
				"west": {"uv": [5, 5, 6, 6], "rotation": 90, "texture": "#main"},
				"up": {"uv": [6, 4, 7, 5], "rotation": 180, "texture": "#main"},
				"down": {"uv": [5, 5, 6, 6], "texture": "#main"}
			}
		},
		{
			"from": [10, 4, 13],
			"to": [11, 11, 16],
			"rotation": {"angle": 0, "axis": "y", "origin": [23, 16, 21]},
			"faces": {
				"north": {"uv": [10, 5, 11, 12], "rotation": 180, "texture": "#main"},
				"east": {"uv": [13, 3, 16, 10], "texture": "#main"},
				"south": {"uv": [10, 5, 11, 12], "texture": "#main", "cullface": "south"},
				"west": {"uv": [12, 2, 15, 9], "rotation": 180, "texture": "#side"},
				"up": {"uv": [12, 5, 13, 8], "rotation": 180, "texture": "#main"}
			}
		},
		{
			"from": [9, 3, 13],
			"to": [10, 6, 16],
			"rotation": {"angle": 0, "axis": "y", "origin": [22, 14, 21]},
			"faces": {
				"north": {"uv": [9, 10, 10, 13], "rotation": 180, "texture": "#main"},
				"east": {"uv": [9, 12, 10, 13], "rotation": 270, "texture": "#main"},
				"south": {"uv": [9, 10, 10, 13], "texture": "#main", "cullface": "south"},
				"west": {"uv": [12, 5, 15, 8], "rotation": 90, "texture": "#main"},
				"up": {"uv": [14, 8, 15, 11], "rotation": 180, "texture": "#main"}
			}
		},
		{
			"from": [11, 3, 13],
			"to": [12, 4, 16],
			"rotation": {"angle": 0, "axis": "y", "origin": [24, 14, 21]},
			"faces": {
				"north": {"uv": [11, 12, 12, 13], "rotation": 180, "texture": "#main"},
				"east": {"uv": [11, 12, 12, 15], "rotation": 270, "texture": "#main"},
				"south": {"uv": [11, 12, 12, 13], "texture": "#main", "cullface": "south"},
				"west": {"uv": [11, 12, 12, 13], "rotation": 90, "texture": "#main"},
				"up": {"uv": [11, 12, 12, 15], "rotation": 180, "texture": "#main"}
			}
		},
		{
			"from": [6, 8, 13],
			"to": [7, 10, 16],
			"rotation": {"angle": 0, "axis": "y", "origin": [19, 19, 21]},
			"faces": {
				"north": {"uv": [6, 6, 7, 8], "rotation": 180, "texture": "#main"},
				"east": {"uv": [1, 4, 3, 7], "rotation": 270, "texture": "#main"},
				"south": {"uv": [6, 6, 7, 8], "texture": "#main", "cullface": "south"},
				"west": {"uv": [13, 5, 15, 8], "rotation": 90, "texture": "#main"}
			}
		},
		{
			"from": [9, 9, 13],
			"to": [10, 12, 16],
			"rotation": {"angle": 0, "axis": "y", "origin": [22, 22, 21]},
			"faces": {
				"north": {"uv": [9, 4, 10, 7], "rotation": 180, "texture": "#main"},
				"east": {"uv": [9, 4, 10, 5], "rotation": 270, "texture": "#main"},
				"south": {"uv": [9, 4, 10, 7], "texture": "#main", "cullface": "south"},
				"west": {"uv": [12, 5, 15, 8], "rotation": 180, "texture": "#main"},
				"down": {"uv": [13, 6, 14, 9], "rotation": 180, "texture": "#main"}
			}
		},
		{
			"from": [8, 12, 13],
			"to": [11, 13, 16],
			"rotation": {"angle": 0, "axis": "y", "origin": [21, 23, 21]},
			"faces": {
				"north": {"uv": [8, 3, 11, 4], "rotation": 180, "texture": "#main"},
				"east": {"uv": [13, 5, 14, 8], "rotation": 270, "texture": "#main"},
				"south": {"uv": [8, 3, 11, 4], "texture": "#main", "cullface": "south"},
				"west": {"uv": [8, 3, 9, 4], "rotation": 90, "texture": "#main"},
				"down": {"uv": [12, 7, 15, 10], "texture": "#main"}
			}
		}
	]
}
