{
	"credit": "Created by Zetheon",
	"ambientocclusion": false,
	"textures": {
		"particle": "#top",
		"side": "block/warped_sides",
		"top": "block/warped_door_top"
	},
	"elements": [
		{
			"from": [0, 0, 0],
			"to": [3, 16, 16],
			"faces": {
				"north": {"uv": [9, 0, 12, 16], "texture": "#side", "cullface": "north"},
				"east": {"uv": [0, 0, 16, 16], "texture": "#top"},
				"south": {"uv": [6, 0, 9, 16], "texture": "#side", "cullface": "south"},
				"west": {"uv": [16, 0, 0, 16], "texture": "#top", "cullface": "west"},
				"up": {"uv": [15, 16, 12, 0], "texture": "#side", "cullface": "up"}
			}
		},
		{
			"from": [-0.6, 0, 1],
			"to": [3.6, 2, 2],
			"rotation": {"angle": 0, "axis": "y", "origin": [5, -6, 5]},
			"faces": {
				"north": {"uv": [11, 14, 10, 16], "texture": "#top", "cullface": "south"},
				"east": {"uv": [15, 14, 14, 16], "texture": "#top"},
				"south": {"uv": [11, 14, 10, 16], "texture": "#top", "cullface": "north"},
				"west": {"uv": [11, 14, 10, 16], "texture": "#top", "cullface": "west"},
				"up": {"uv": [11, 14, 10, 15], "rotation": 90, "texture": "#top"},
				"down": {"uv": [11, 15, 10, 16], "rotation": 90, "texture": "#top", "cullface": "down"}
			}
		},
		{
			"from": [-0.6, 0, 5],
			"to": [3.6, 2, 6],
			"rotation": {"angle": 0, "axis": "y", "origin": [5, -6, 9]},
			"faces": {
				"north": {"uv": [11, 14, 10, 16], "texture": "#top", "cullface": "south"},
				"east": {"uv": [15, 14, 14, 16], "texture": "#top"},
				"south": {"uv": [11, 14, 10, 16], "texture": "#top", "cullface": "north"},
				"west": {"uv": [11, 14, 10, 16], "texture": "#top", "cullface": "west"},
				"up": {"uv": [11, 14, 10, 15], "rotation": 90, "texture": "#top"},
				"down": {"uv": [11, 15, 10, 16], "rotation": 90, "texture": "#top", "cullface": "down"}
			}
		}
	]
}
