{
	"credit": "Created by Zetheon",
	"textures": {
		"particle": "#top"
	},
	"elements": [
		{
			"from": [0, 0, 0],
			"to": [3, 16, 16],
			"faces": {
				"north": {"uv": [0, 0, 3, 16], "texture": "#side", "cullface": "north"},
				"east": {"uv": [16, 0, 0, 16], "texture": "#top"},
				"south": {"uv": [13, 0, 16, 16], "texture": "#side", "cullface": "south"},
				"west": {"uv": [0, 0, 16, 16], "texture": "#top", "cullface": "west"},
				"up": {"uv": [13, 0, 16, 16], "texture": "#side", "cullface": "up"}
			}
		},
		{
			"from": [-0.75, 0, 12],
			"to": [3.75, 1, 15],
			"rotation": {"angle": 0, "axis": "y", "origin": [8, 8, 20]},
			"faces": {
				"north": {"uv": [12, 15, 13, 16], "texture": "#top"},
				"east": {"uv": [15, 15, 12, 16], "texture": "#top"},
				"south": {"uv": [14, 15, 15, 16], "texture": "#top"},
				"west": {"uv": [12, 15, 15, 16], "texture": "#top", "cullface": "west"},
				"up": {"uv": [12, 15, 15, 16], "rotation": 90, "texture": "#top"},
				"down": {"uv": [12, 15, 15, 16], "rotation": 270, "texture": "#top"}
			}
		}
	]
}