{
	"credit": "Created by Zetheon",
	"textures": {
		"particle": "block/dark_oak_trapdoor",
		"main": "block/dark_oak_trapdoor",
		"side": "wildcraft:doors/dark_oak_sides"
	},
	"elements": [
		{
			"from": [0, 0, 0],
			"to": [16, 3, 16],
			"faces": {
				"north": {"uv": [15, 16, 12, 0], "rotation": 90, "texture": "#side", "cullface": "north"},
				"east": {"uv": [6, 16, 3, 0], "rotation": 90, "texture": "#side", "cullface": "east"},
				"south": {"uv": [6, 16, 3, 0], "rotation": 90, "texture": "#side", "cullface": "south"},
				"west": {"uv": [12, 16, 9, 0], "rotation": 90, "texture": "#side", "cullface": "west"},
				"up": {"uv": [16, 0, 0, 16], "texture": "#main"},
				"down": {"uv": [0, 0, 16, 16], "rotation": 180, "texture": "#main", "cullface": "down"}
			}
		}
	],
	"display": {}
}