{
	"credit": "Created by Zetheon",
	"textures": {
		"particle": "block/dark_oak_trapdoor",
		"main": "block/dark_oak_trapdoor",
		"side": "wildcraft:doors/dark_oak_sides"
	},
	"elements": [
		{
			"from": [0, 13, 0],
			"to": [16, 16, 16],
			"faces": {
				"north": {"uv": [3, 0, 6, 16], "rotation": 90, "texture": "#side"},
				"east": {"uv": [3, 0, 6, 16], "rotation": 90, "texture": "#side"},
				"south": {"uv": [12, 0, 15, 16], "rotation": 90, "texture": "#side"},
				"west": {"uv": [9, 0, 12, 16], "rotation": 90, "texture": "#side"},
				"up": {"uv": [0, 0, 16, 16], "rotation": 180, "texture": "#main"},
				"down": {"uv": [16, 0, 0, 16], "texture": "#main"}
			}
		}
	],
	"display": {}
}