{
	"credit": "Created by Zetheon",
	"textures": {
		"particle": "#top"
	},
	"elements": [
		{
			"from": [0, 0, 0],
			"to": [3, 16, 16],
			"faces": {
				"north": {"uv": [6, 0, 9, 16], "texture": "#side", "cullface": "north"},
				"east": {"uv": [16, 0, 0, 16], "texture": "#top"},
				"south": {"uv": [9, 0, 12, 16], "texture": "#side", "cullface": "south"},
				"west": {"uv": [0, 0, 16, 16], "texture": "#top", "cullface": "west"},
				"up": {"uv": [12, 0, 15, 16], "texture": "#side", "cullface": "up"}
			}
		}
	]
}